first_name,last_name,email,isbn,credit_card,amount,purchase_date
Daphne,Sapauton,dsapauton0@mac.com,208648712-6,6384220874090563,44.58,2020-02-22 09:49:57
Stephan,Dossantos,sdossantos1@friendfeed.com,786876986-6,560222040819082489,15.61,2020-03-12 04:43:33
Austina,Pavyer,apavyer2@archive.org,869113516-6,4508639602859245,47.72,2020-09-30 18:35:19
Harlen,Bahlmann,hbahlmann3@livejournal.com,343283712-7,490579218327536225,9.23,2020-03-30 20:26:56
Loree,Jeratt,ljeratt4@cafepress.com,710400164-6,374288746455228,49.06,2020-09-02 00:35:53
Dulciana,Cristobal,dcristobal5@yahoo.com,400344544-9,3555926298913699,21.89,2020-03-24 10:29:36
Maudie,Harsnep,mharsnep6@sourceforge.net,256658297-1,3585747387065330,11.45,2020-05-24 16:18:05
Pearl,McMenamie,pmcmenamie7@amazon.co.jp,182771011-X,3570750003354291,27.58,2020-01-23 05:15:11
Karyn,Conradie,kconradie8@twitpic.com,785506504-0,4917056275592976,47.45,2019-11-08 11:04:20
Elset,Vallentin,evallentin9@flavors.me,162364222-1,3530215617880056,23.45,2020-10-15 18:13:13
Bat,Gauford,bgauforda@mediafire.com,271027112-5,3544197787821959,45.14,2019-11-01 04:58:15
Bradney,Bernardot,bbernardotb@washingtonpost.com,111473954-5,374622248047697,6.13,2020-08-09 23:24:29
Nicolette,Brightie,nbrightiec@fotki.com,449860394-X,4175000361915672,44.25,2019-11-10 03:57:53
Chelsae,Crittal,ccrittald@ebay.com,909372950-0,67612347325622193,22.10,2020-06-19 12:46:29
Candra,Cianelli,ccianellie@reddit.com,281912228-0,3546806335958307,28.64,2020-10-17 16:57:25
Ilaire,Tosdevin,itosdevinf@bloomberg.com,465979173-4,3534649268468363,12.83,2020-03-23 04:32:40
Emiline,Lamerton,elamertong@php.net,403928799-1,3558721932960793,6.96,2020-01-10 02:44:06
Felipe,Hundley,fhundleyh@examiner.com,267290837-0,36353806951126,49.14,2020-01-28 02:55:12
Benji,Gissop,bgissopi@odnoklassniki.ru,804009000-8,4917035618437164,5.44,2020-06-29 14:09:01
Wilmer,Levicount,wlevicountj@flickr.com,037608006-X,3584069796432642,39.13,2020-07-16 17:12:15
Bowie,Martignoni,bmartignonik@netvibes.com,091019117-4,3579101484963625,24.29,2020-01-21 02:00:19
Linnet,Qusklay,lqusklayl@spotify.com,072719889-0,3567206699991776,16.90,2020-10-13 14:06:17
Estel,Mallatratt,emallatrattm@addthis.com,949103299-2,3532200650479634,44.28,2020-07-02 07:35:51
Keene,Tatem,ktatemn@nifty.com,726479143-2,56022282386156624,14.13,2019-10-28 16:25:37
Fair,Mathison,fmathisono@fda.gov,518142269-1,3556334353952075,40.50,2020-01-04 04:24:03
Carlynn,Pedrick,cpedrickp@archive.org,409156698-7,560224151808908382,13.97,2019-11-23 00:14:05
Maximilianus,Rowthorne,mrowthorneq@engadget.com,404891107-4,4903439107395343390,28.07,2020-04-30 11:00:42
Pru,Hubber,phubberr@ca.gov,399263767-0,3574278166095978,31.73,2020-07-30 16:38:26
Effie,Mannion,emannions@businessweek.com,036079315-0,3572268075855374,47.16,2020-03-23 09:05:05
Coriss,Shacklady,cshackladyt@amazonaws.com,641396258-5,3570908371255710,45.41,2019-12-25 14:43:16
Lindsey,Seligson,lseligsonu@rakuten.co.jp,274946306-8,201883970144511,38.06,2020-10-20 15:59:06
Hayley,Dumberrill,hdumberrillv@blogger.com,509518314-5,3535782983961591,24.28,2020-07-05 04:35:22
Zechariah,Girth,zgirthw@shop-pro.jp,557190100-4,372301344282472,21.57,2020-09-24 14:58:52
Lanni,Schimke,lschimkex@jimdo.com,690565354-3,30361042312678,46.95,2020-06-20 07:42:49
Hillary,Faulo,hfauloy@pinterest.com,113856927-5,6771582937928550622,45.68,2020-03-14 08:47:32
Bary,Karolovsky,bkarolovskyz@photobucket.com,930406132-6,56104509058140051,20.90,2020-03-02 10:47:33
Darb,Vallery,dvallery10@cpanel.net,212534388-6,3547275520284540,30.20,2020-05-25 23:40:29
Camellia,De Vries,cdevries11@livejournal.com,482902984-6,3540779206289100,37.49,2020-05-08 19:22:26
Marlene,Jirasek,mjirasek12@tinyurl.com,075568726-4,3536259920725040,8.29,2020-02-25 23:36:41
Fern,Phippard,fphippard13@quantcast.com,081438484-6,5602226696032517,19.44,2020-04-16 14:12:28
Martica,Leyre,mleyre14@altervista.org,052812037-9,345826629835440,12.41,2020-10-01 02:46:17
Linnea,Olney,lolney15@wordpress.com,132809818-4,4041590589690422,33.37,2019-12-17 21:54:15
Barde,Robertucci,brobertucci16@cargocollective.com,520403003-4,5048379063141486,43.08,2020-08-24 07:51:31
Tynan,Acreman,tacreman17@ihg.com,360429003-1,3569479582837376,37.09,2020-09-24 08:38:30
Arvie,Beathem,abeathem18@soup.io,606437149-8,3582184133050080,5.60,2020-03-08 10:02:49
Berkie,Roch,broch19@cpanel.net,598148159-5,5641826366649806,48.66,2020-01-01 22:54:45
Laverna,Ackery,lackery1a@answers.com,097258696-2,3588615069898863,15.72,2020-04-25 10:03:50
Blanch,Cotesford,bcotesford1b@clickbank.net,961237529-1,5602213244036984,47.98,2019-11-04 17:31:25
Klaus,Endecott,kendecott1c@twitter.com,902148150-2,50205502180343538,47.36,2020-05-01 04:51:34
Thacher,Albinson,talbinson1d@technorati.com,488382192-7,3587131472503232,20.67,2020-03-10 15:08:22
Stevana,Dollard,sdollard1e@usnews.com,333368271-0,3551331286286725,36.85,2020-04-14 19:32:24
Nita,Kenningley,nkenningley1f@samsung.com,533288695-0,30491387260388,13.54,2020-08-20 12:58:17
Lana,Aldcorne,laldcorne1g@bigcartel.com,050683789-0,493675649714278525,17.97,2020-05-04 08:17:21
Penni,Echallie,pechallie1h@surveymonkey.com,269545528-3,3555183082347029,30.47,2020-06-05 01:46:01
Mac,Laughren,mlaughren1i@epa.gov,501803547-1,3556007250763858,42.68,2019-12-01 14:06:18
Sky,Balazot,sbalazot1j@ft.com,178612435-1,3589422344234900,48.31,2019-11-15 15:11:12
Francoise,Curtin,fcurtin1k@cnet.com,429528221-9,3544494861730184,43.10,2020-06-25 18:45:41
Yancy,Schimoni,yschimoni1l@prweb.com,735984970-5,5048370548359660,10.69,2019-11-24 16:55:01
Radcliffe,De La Cote,rdelacote1m@blogger.com,724669502-8,3553642875554564,14.37,2020-06-23 18:20:19
Fabiano,Eyree,feyree1n@plala.or.jp,626776457-5,5610287296219355038,8.46,2020-06-30 19:35:46
Raye,Blunsen,rblunsen1o@constantcontact.com,388924203-0,6709460236834626684,42.31,2020-05-27 20:50:42
Cecilla,Brabham,cbrabham1p@ox.ac.uk,460319573-7,201882766794372,27.92,2020-05-15 04:43:43
Lorraine,Verey,lverey1q@archive.org,779116718-2,3580293603908792,15.68,2020-10-24 01:04:09
Paxton,Brazel,pbrazel1r@rakuten.co.jp,885284520-8,6331109615421437664,10.24,2020-10-02 18:58:21
Sebastien,Casarino,scasarino1s@drupal.org,027447073-X,6377525337487753,19.11,2019-11-02 15:57:24
Rodina,Bromfield,rbromfield1t@dailymotion.com,453252692-2,3570616717070772,5.78,2020-09-07 14:37:30
Neron,Buglass,nbuglass1u@google.es,768207274-1,3553930017677280,7.29,2020-09-27 09:19:11
Ervin,De Gregoli,edegregoli1v@hao123.com,745800594-7,201836440362683,20.19,2020-02-20 03:06:17
Codi,Eden,ceden1w@mtv.com,170064661-3,3559400069987213,31.01,2020-05-17 19:59:03
Pandora,Foch,pfoch1x@bbc.co.uk,119608562-5,3554857321019561,34.02,2020-04-03 18:29:58
Virgilio,Ciciura,vciciura1y@google.de,086239566-6,677149915727531176,20.96,2020-01-27 01:22:22
Bert,Gentsch,bgentsch1z@flavors.me,521813864-9,560225240120124510,7.79,2020-06-10 17:14:29
Gian,Gellan,ggellan20@google.co.jp,952859212-0,5386231221906179,41.00,2020-03-17 16:04:44
Lotti,Tomasek,ltomasek21@japanpost.jp,515281435-8,3581336797490918,5.27,2020-02-20 04:07:17
Morena,Cristobal,mcristobal22@goo.ne.jp,404045958-X,5339735787669110,10.76,2019-11-02 08:35:49
Desirae,Coye,dcoye23@barnesandnoble.com,176645317-1,3553463327577578,47.62,2020-06-14 15:40:33
Zak,Shevill,zshevill24@angelfire.com,695987206-5,5537947807933620,42.81,2019-12-06 08:00:39
Rodolphe,Farguhar,rfarguhar25@fda.gov,525343415-1,3563370577716749,14.96,2020-04-05 05:25:30
Raddy,Emburey,remburey26@bloglovin.com,635529321-3,501842152287908030,10.16,2020-09-13 11:04:49
Kay,Barosch,kbarosch27@wikimedia.org,696488004-6,4936761910266947,43.23,2019-12-19 12:26:07
Valentin,Flawith,vflawith28@biblegateway.com,052716044-X,30380566968996,36.92,2020-01-07 09:07:52
Salvatore,Haydon,shaydon29@themeforest.net,291855295-X,30033789105934,8.19,2020-05-05 18:51:12
Bonnie,McIlmorow,bmcilmorow2a@newyorker.com,044569151-4,3554105686452807,39.77,2020-01-22 00:31:17
Gwendolen,Branford,gbranford2b@scientificamerican.com,341098590-5,06043686524989995,47.97,2020-07-07 19:53:24
Chico,Boutcher,cboutcher2c@loc.gov,202765151-9,4508150990805055,47.44,2019-12-31 09:31:46
Fran,Cockerton,fcockerton2d@washington.edu,955641324-3,374283288852809,32.09,2020-04-10 10:10:15
Tiertza,Fessler,tfessler2e@slideshare.net,732908921-4,6379112521479579,48.99,2020-08-09 18:15:41
Dannie,Hugli,dhugli2f@delicious.com,642061461-9,4917838626931163,32.80,2020-06-26 06:54:46
Noni,Harrison,nharrison2g@parallels.com,333879914-4,3572245432818527,18.09,2020-01-26 07:31:35
Clayborne,Calf,ccalf2h@fda.gov,094630088-7,3587008994203899,38.30,2020-09-07 01:07:14
Diena,Dy,ddy2i@over-blog.com,010601476-5,3562372572581228,16.48,2019-12-04 15:07:21
Eric,Bridgeland,ebridgeland2j@studiopress.com,000519232-3,4405068470573734,29.66,2020-07-06 09:03:33
Kati,Druce,kdruce2k@mapy.cz,157611121-0,3548842120524457,42.13,2020-09-25 12:52:03
Noni,Ochiltree,nochiltree2l@cbslocal.com,316048006-2,30254296270926,41.02,2020-04-07 07:55:38
Bondon,Rouse,brouse2m@admin.ch,626992754-4,201674708081046,46.30,2020-07-14 23:03:57
Rutger,Klambt,rklambt2n@mapy.cz,120688041-4,67719098431136436,7.58,2020-02-29 05:14:12
Seth,Heyball,sheyball2o@vkontakte.ru,666677675-5,30251333909540,41.18,2020-06-16 04:51:46
Rafaelia,Cannam,rcannam2p@alexa.com,349672196-0,5186051452073768,38.33,2019-11-27 20:02:58
Gray,Daventry,gdaventry2q@360.cn,134578105-9,3535018863760021,26.81,2020-07-19 11:49:19
Brittne,Midlar,bmidlar2r@washingtonpost.com,445510121-7,3551638502306990,9.54,2020-09-14 05:53:45
Jule,Dartnall,jdartnall2s@whitehouse.gov,246552575-1,3562819258642674,7.52,2020-03-05 23:42:59
Lexine,Seth,lseth2t@cdbaby.com,693985660-9,3569547337648684,34.90,2020-07-28 13:38:28
Benton,O'Shevlan,boshevlan2u@sohu.com,380560291-X,491178050251905701,26.18,2020-02-08 06:28:34
Eloise,Daysh,edaysh2v@privacy.gov.au,978916038-0,676360628038475330,47.99,2019-11-03 10:07:11
Mariele,Miell,mmiell2w@t-online.de,106050575-4,5038867537007376,30.16,2020-07-12 05:26:57
Bevon,Boas,bboas2x@gravatar.com,770109474-1,5010121076581900,26.64,2020-03-28 22:53:45
Nobe,Woodison,nwoodison2y@ft.com,644850003-0,4508400913843232,50.00,2020-07-02 07:25:05
Benedikta,Verrall,bverrall2z@nytimes.com,014878105-5,3579432168927754,29.32,2020-06-19 14:17:08
Dilan,Capeling,dcapeling30@comsenz.com,070155819-9,6762970701840992,40.03,2020-06-10 03:52:40
Wit,Ferrini,wferrini31@ebay.co.uk,838563274-3,6373213857220961,19.15,2019-11-09 14:44:50
Delmar,Greve,dgreve32@auda.org.au,541399828-7,3559618936090131,19.11,2020-08-28 15:03:29
Aaren,Meddick,ameddick33@dmoz.org,355776940-2,5519626160824905,18.83,2020-04-14 09:23:49
Corny,Gertz,cgertz34@weather.com,056517932-2,3584419590968939,41.83,2020-10-02 12:23:11
Kevin,Winscomb,kwinscomb35@ycombinator.com,531447708-4,3574563112906810,8.69,2020-05-18 23:21:24
Kerwinn,Tidmas,ktidmas36@youtu.be,783320203-7,6394636426298834,27.09,2020-03-21 21:15:25
Blancha,Metterick,bmetterick37@oracle.com,512861536-7,3580476182842504,12.16,2020-04-21 13:46:12
Rebekah,Glancy,rglancy38@huffingtonpost.com,185342179-0,4905475730821940453,46.15,2020-03-12 14:06:33
Mathe,Robardey,mrobardey39@wufoo.com,921741993-1,3550994775820741,45.23,2019-11-01 16:30:44
Elise,Hallstone,ehallstone3a@forbes.com,154500176-6,374288993673093,37.19,2020-10-08 11:06:43
Cecil,Jevon,cjevon3b@cbc.ca,366773795-5,30469080499842,9.23,2020-02-19 13:31:11
Kali,Wardrop,kwardrop3c@google.com.au,816830330-X,3554778899357573,11.91,2020-09-04 11:09:43
Cesar,Karczinski,ckarczinski3d@phpbb.com,247901878-4,5602252545325589,45.65,2019-12-17 15:56:46
Malorie,Wiffield,mwiffield3e@blogger.com,630254261-8,6763876870001325,41.61,2020-06-15 22:16:21
Damiano,Gammons,dgammons3f@mtv.com,536898861-3,561008691537502006,37.44,2020-02-04 23:37:04
Lucila,Latehouse,llatehouse3g@xinhuanet.com,132313076-4,5577859532374940,24.07,2020-07-13 02:31:49
Judi,Batten,jbatten3h@wordpress.com,610928788-1,3574123773644794,35.62,2020-02-11 00:11:14
Callie,Pendleberry,cpendleberry3i@squidoo.com,170585341-2,5893863499996288,39.79,2019-12-22 16:26:40
Fredrika,Pechard,fpechard3j@google.de,585409735-4,3534100669104868,24.48,2020-04-04 14:26:48
Emmeline,Cawse,ecawse3k@twitpic.com,063777754-9,5130150251444563,47.99,2019-12-21 04:00:10
Vinny,Ewings,vewings3l@imdb.com,682847987-4,5610177857705286,44.79,2019-10-30 19:06:57
Clair,MacShane,cmacshane3m@usatoday.com,775336080-9,3554106781979504,6.53,2020-04-23 12:33:32
Grethel,Fenton,gfenton3n@ihg.com,474069353-4,5459371656009370,19.97,2019-11-13 15:40:45
Tiebout,Aronsohn,taronsohn3o@google.com,303133089-7,5018131196596060,45.17,2020-02-02 06:36:36
Alissa,Crighton,acrighton3p@etsy.com,407673242-1,3530326340311267,22.96,2020-03-13 17:14:58
Husein,Whitemarsh,hwhitemarsh3q@cargocollective.com,847421376-2,3556097107934224,16.81,2020-03-16 11:16:49
Leonhard,Skowcraft,lskowcraft3r@google.cn,059066638-X,3545345609926253,37.55,2020-03-04 16:32:36
Wyatt,Caspell,wcaspell3s@pcworld.com,695084973-7,3577351140369871,40.37,2020-03-05 23:07:48
Casar,Ladell,cladell3t@1und1.de,680430869-7,30013279233578,17.90,2020-09-12 02:20:43
Milzie,Dehmel,mdehmel3u@umich.edu,090368331-8,3542181205538231,44.62,2019-12-24 09:41:01
Ruggiero,Ambrose,rambrose3v@mozilla.org,033144086-5,3570416976285520,31.17,2020-04-07 12:50:58
Ermina,Dany,edany3w@hostgator.com,655017225-X,3540054108763127,38.86,2020-07-28 11:38:33
Jacinthe,Rhodes,jrhodes3x@google.cn,024755389-1,3565743509065302,41.66,2020-02-18 01:43:53
Ema,Moakler,emoakler3y@networkadvertising.org,468650643-3,4175008465512592,22.57,2020-07-30 01:26:12
Osbourn,Fantini,ofantini3z@statcounter.com,057462652-2,6385522103813007,40.04,2020-04-22 17:07:54
Scottie,Cator,scator40@chronoengine.com,616400554-X,5602221786510480,7.51,2020-08-26 08:19:16
Karil,Glassborow,kglassborow41@altervista.org,579950465-8,4913806920905302,28.43,2020-09-29 12:54:56
Cyrus,Potticary,cpotticary42@parallels.com,712990556-5,3546106438318479,24.74,2020-03-23 18:14:19
Billie,Brookes,bbrookes43@fc2.com,466610875-0,5517852346065534,46.62,2020-01-06 07:03:43
Dayna,Arter,darter44@examiner.com,569942377-X,3568563062508804,13.52,2020-02-22 16:08:06
Humfrey,Severns,hseverns45@hao123.com,512057591-9,5554309617666619,12.35,2019-11-13 04:42:27
Arlan,Wegman,awegman46@list-manage.com,079392383-2,3537267575837217,29.71,2020-05-21 18:44:41
Shandie,Seedull,sseedull47@java.com,924320570-6,3559830979916706,16.59,2019-12-09 17:18:53
Suki,Scoggins,sscoggins48@businesswire.com,983387115-1,3548565032496080,6.88,2020-04-06 21:00:48
Carlin,Weddup,cweddup49@home.pl,927813893-2,4026560886771083,17.37,2020-07-04 23:50:46
Marrissa,Cleary,mcleary4a@blog.com,791671917-7,5610310589841257,7.41,2020-02-26 21:09:25
Ree,Challender,rchallender4b@mayoclinic.com,136249345-7,5430707350059761,27.23,2020-02-20 02:24:43
Agosto,Vasilic,avasilic4c@jugem.jp,376627675-1,3542279234794138,31.87,2019-12-25 00:34:00
Christopher,Eves,ceves4d@blogger.com,183570728-9,6706189540813543331,40.94,2020-06-26 12:44:04
Athene,McCuaig,amccuaig4e@privacy.gov.au,660127072-5,3574913126838766,12.83,2019-10-28 13:53:57
Layton,Skiplorne,lskiplorne4f@seesaa.net,617587041-7,6331101245049043583,48.56,2020-02-07 12:58:40
Sebastien,Dunphy,sdunphy4g@tumblr.com,153338858-X,3547841819407660,10.21,2020-01-19 11:22:14
Krissie,Greir,kgreir4h@blinklist.com,057816522-8,5514723704501324,20.99,2020-10-21 15:33:54
Auria,Filkin,afilkin4i@spotify.com,663629448-5,3577922098030655,12.80,2020-09-04 08:29:04
Sherlocke,Pidgeley,spidgeley4j@github.com,485635411-6,5108758237954212,18.25,2020-07-22 05:56:33
Selena,Graber,sgraber4k@360.cn,785375820-0,201713784592771,26.19,2020-08-27 21:41:03
Murdock,Deeves,mdeeves4l@multiply.com,856559116-6,3588786530252210,38.67,2020-08-21 16:49:58
Scot,Edworthy,sedworthy4m@hibu.com,159959145-6,3549805944484892,8.15,2020-01-24 11:32:11
Prescott,Bonar,pbonar4n@forbes.com,490966469-6,4017958767471651,40.51,2020-02-24 04:07:28
Jerry,Vitler,jvitler4o@wordpress.org,243326643-2,3530698991025929,47.87,2020-04-01 01:45:02
Godfrey,Briance,gbriance4p@simplemachines.org,698125103-5,3562584791875807,14.93,2020-08-22 18:53:22
Etta,King,eking4q@about.me,793040812-4,6762171676543673148,6.58,2020-01-03 22:22:21
Burton,Heasley,bheasley4r@harvard.edu,850723434-8,3552366665137841,18.78,2020-08-11 08:07:28
Gray,Robbey,grobbey4s@uiuc.edu,769973597-8,5587959014862368,31.53,2020-04-22 00:09:45
Carmel,Craigheid,ccraigheid4t@cafepress.com,550228180-9,371591962239512,38.32,2019-11-18 11:25:43
Alden,Ferreli,aferreli4u@wikipedia.org,259540354-0,3529660592599689,26.27,2019-10-30 08:53:07
Katherina,Murch,kmurch4v@ask.com,555669601-2,3584994076678905,47.80,2020-10-05 14:29:57
Gerrilee,Huckett,ghuckett4w@mayoclinic.com,193419997-4,3528581754147797,25.86,2020-03-27 11:33:58
Barbra,Vardie,bvardie4x@ustream.tv,272238579-1,560224134585031735,39.87,2020-07-03 22:27:52
Ned,O'Hickee,nohickee4y@blinklist.com,935999674-2,3537157721393191,26.71,2020-08-14 16:38:31
Helaina,Giacubo,hgiacubo4z@desdev.cn,851561377-8,3564090146235133,28.37,2020-10-09 13:39:10
Dayle,Logsdail,dlogsdail50@com.com,389817189-2,4508922999023223,16.24,2020-08-08 16:11:51
Karola,Sowley,ksowley51@wordpress.org,936170746-9,3541263444902047,13.77,2020-08-13 18:32:08
Gino,Ambrosetti,gambrosetti52@omniture.com,494779825-4,3584575238232879,32.88,2020-05-07 21:24:49
Dennie,Devenish,ddevenish53@independent.co.uk,605737406-1,30357356678373,11.38,2020-08-27 06:57:17
Rayner,Boggon,rboggon54@statcounter.com,968934575-3,5610673649237232021,29.88,2020-02-10 08:15:09
Garwood,Dinan,gdinan55@exblog.jp,567535651-7,3553723012532851,17.47,2019-10-28 20:06:20
Karlie,Meeron,kmeeron56@cnn.com,151723408-5,201484741062536,7.31,2020-01-27 21:08:15
Aryn,Siggers,asiggers57@state.tx.us,741927631-5,3532439569737456,28.13,2019-11-29 15:27:44
Collin,Hounsham,chounsham58@paginegialle.it,717535861-X,5339223997823678,5.71,2020-08-22 08:06:03
Kat,Deverock,kdeverock59@thetimes.co.uk,196330708-9,564182666776583505,13.67,2020-03-28 20:34:49
Stanislaw,Whitley,swhitley5a@google.es,823814375-6,4917867130093350,36.57,2020-06-12 23:04:17
Elie,Gettins,egettins5b@foxnews.com,087862054-0,3582861377908061,22.95,2020-02-19 15:48:09
Harper,Sargent,hsargent5c@clickbank.net,589436475-2,3545741256227096,14.71,2020-08-20 01:29:39
Olympe,Trudgeon,otrudgeon5d@friendfeed.com,668932702-7,490357352826332196,6.13,2020-04-27 21:55:59
Jordain,Slowcock,jslowcock5e@bbc.co.uk,145230342-8,3589622788614026,26.33,2020-04-05 16:43:50
Bat,Spittles,bspittles5f@live.com,699505386-9,4405679213807880,35.44,2019-11-01 03:50:13
Sidonia,Borley,sborley5g@yellowbook.com,183043156-0,5480712461018010,23.65,2020-09-20 04:31:07
Natala,Kingaby,nkingaby5h@youtube.com,198499033-0,6334283811377566497,48.02,2020-05-14 08:40:29
Eryn,Steart,esteart5i@xrea.com,684721130-X,67598028654592151,43.90,2020-07-16 14:45:08
Linette,Cuardall,lcuardall5j@illinois.edu,980810296-4,633391837340641307,16.33,2020-09-12 15:43:20
Tiertza,Mathiassen,tmathiassen5k@java.com,157170429-9,5007661174912767,42.29,2020-04-28 16:50:01
Scotty,Learmond,slearmond5l@japanpost.jp,714794199-3,3542939125272243,31.47,2020-09-25 08:22:55
Carmelle,Bernucci,cbernucci5m@quantcast.com,886587489-9,3552371270949572,19.77,2020-01-29 15:28:08
Amelia,Hefferon,ahefferon5n@chronoengine.com,177886935-1,3543451994260746,49.98,2020-09-12 01:47:46
Lilias,Calverley,lcalverley5o@paypal.com,056764360-3,3543901545210111,37.49,2020-09-02 17:01:36
Aila,Kalker,akalker5p@reference.com,567611424-X,5020381195617045737,7.17,2020-04-17 13:03:01
Jennifer,Amaya,jamaya5q@shop-pro.jp,336289512-3,5002353395263510,9.15,2020-05-14 01:18:23
Vivien,Laugheran,vlaugheran5r@cloudflare.com,491932486-3,5602213268001237,23.37,2020-04-04 09:49:18
Aurelea,Helleker,ahelleker5s@nhs.uk,738645638-7,3535059029523135,48.10,2020-03-13 11:15:33
Meta,Lardner,mlardner5t@marriott.com,465595346-2,3536935746436371,46.15,2020-03-17 02:04:27
Essa,Margerison,emargerison5u@auda.org.au,445231936-X,5108756790356510,33.49,2020-10-16 23:35:14
Kristyn,Sigg,ksigg5v@squarespace.com,690353599-3,6706853237303066,17.95,2020-03-20 07:12:30
Benetta,Nortunen,bnortunen5w@typepad.com,684777918-7,3561436991249849,31.68,2020-05-09 15:58:19
Mufi,Sevior,msevior5x@hatena.ne.jp,400922051-1,5610781465803092,6.14,2020-03-07 03:36:25
Pier,Drew-Clifton,pdrewclifton5y@google.de,788136696-6,3543448266134021,15.85,2019-11-15 12:20:40
Otes,Williamson,owilliamson5z@cpanel.net,521204915-6,5602249558659730,38.29,2019-12-14 02:47:54
Elinor,Rabbet,erabbet60@ow.ly,759322747-2,3587500720886468,49.88,2020-07-13 02:49:05
Berenice,Andrelli,bandrelli61@360.cn,055528608-8,50385288870588358,9.89,2020-10-26 09:15:42
Shurwood,Cattermull,scattermull62@abc.net.au,098841884-3,3573725753986689,7.50,2020-08-15 22:36:08
Viole,Tuvey,vtuvey63@twitter.com,830468423-3,6331104416071010694,11.10,2020-03-25 03:24:25
Julina,Jeffcoate,jjeffcoate64@devhub.com,186431030-8,5100176951463062,23.89,2019-12-05 08:24:02
Ashleigh,Lambol,alambol65@ed.gov,954196219-X,5602240010188897,22.07,2020-01-27 17:37:47
Jojo,Berlin,jberlin66@github.io,007606485-9,3572716978918608,43.19,2020-07-25 14:27:59
Osbourne,Copnar,ocopnar67@jimdo.com,904030417-3,5173135092146079,20.97,2020-01-27 04:04:37
Regan,Need,rneed68@facebook.com,665606690-9,3533349730414779,48.96,2019-11-04 02:42:33
Erminia,Ornelas,eornelas69@friendfeed.com,184620905-6,5602232505934034,49.70,2019-10-30 02:59:15
Vanya,Friday,vfriday6a@telegraph.co.uk,019697947-1,3564587939921167,32.97,2020-08-15 17:38:05
Merl,Ciccone,mciccone6b@printfriendly.com,003497627-2,3583839322065871,23.59,2019-12-16 11:36:02
Katrinka,Cowling,kcowling6c@facebook.com,423713928-X,376434777427631,38.32,2020-07-24 18:41:21
Gilligan,Christy,gchristy6d@e-recht24.de,309352246-3,4041591089110127,38.08,2020-09-11 02:21:01
Gipsy,Mountstephen,gmountstephen6e@discuz.net,673389264-2,06040030567667460,14.26,2019-11-09 13:10:07
Shaun,Rozenzweig,srozenzweig6f@tiny.cc,369143875-X,3535102195981685,22.68,2020-10-17 01:59:21
Merl,Kibbye,mkibbye6g@admin.ch,018118554-7,5594828576551829,28.67,2020-01-03 14:01:16
Roley,Burdis,rburdis6h@newsvine.com,888114429-8,5592739823402256,34.09,2020-07-03 09:44:46
Galen,Tiery,gtiery6i@wordpress.com,923889752-2,564182229682131230,30.74,2020-05-11 23:27:45
Braden,Hackwell,bhackwell6j@alexa.com,909872285-7,560221566722507940,36.89,2020-05-11 16:47:55
Sheila-kathryn,Blowfelde,sblowfelde6k@fc2.com,732616283-2,6334607614550115028,45.41,2020-03-10 17:27:36
Roderich,Tindall,rtindall6l@mozilla.org,607338433-5,3564041313942407,37.25,2020-03-29 16:08:44
Mary,Schapero,mschapero6m@angelfire.com,862933818-0,6394250439980832,42.67,2019-12-23 00:07:56
Hettie,Brigg,hbrigg6n@tmall.com,108018676-X,3578469140459325,32.91,2020-05-25 20:42:13
Dawn,Smallman,dsmallman6o@fda.gov,196327818-6,4911181495725283,11.15,2020-06-15 16:42:46
Johna,McGarrie,jmcgarrie6p@blogger.com,120661387-4,3561482126665160,10.79,2020-06-25 03:44:25
Stephenie,Symcock,ssymcock6q@netscape.com,239883411-5,5002354497513042,44.61,2019-11-06 22:22:56
Marge,Wykey,mwykey6r@wordpress.org,221758421-9,30104708799683,18.96,2020-03-30 15:33:35
Roy,Mountlow,rmountlow6s@boston.com,975563182-8,5100176143476410,5.09,2020-07-09 21:24:28
Rusty,Scotson,rscotson6t@1688.com,286571461-6,676282024049043504,8.34,2020-03-03 07:12:24
Uta,Mollatt,umollatt6u@mac.com,554388167-3,3575260361653503,33.96,2020-03-03 05:18:32
Reyna,Heaslip,rheaslip6v@jugem.jp,027921501-0,6397011472339824,26.16,2020-01-20 09:11:52
Georgie,Bowery,gbowery6w@who.int,857179592-4,3534400128359438,30.87,2020-01-30 08:49:29
Sandor,Gebhard,sgebhard6x@techcrunch.com,180617814-1,3547921788691856,10.54,2019-11-21 03:33:30
Imogen,Ride,iride6y@ameblo.jp,807369140-X,3538535574951422,25.65,2020-08-02 09:53:27
Lynette,Cashford,lcashford6z@prnewswire.com,098137839-0,3573370003263405,17.01,2019-12-28 16:15:21
Aryn,Chasmar,achasmar70@smugmug.com,975521514-X,50183238560768236,19.67,2020-10-11 21:26:13
Marthena,Dodge,mdodge71@goodreads.com,155072580-7,3559091761297942,46.37,2020-06-09 12:57:16
Lefty,Semens,lsemens72@miitbeian.gov.cn,978952452-8,201688671351764,33.76,2020-05-14 23:55:24
Vlad,Swadlin,vswadlin73@360.cn,555086886-5,372301038072379,32.93,2020-10-05 23:48:23
Jodie,Edmons,jedmons74@bloglovin.com,349418352-X,6771141855112859191,31.73,2019-12-29 01:21:39
Palm,O'Fogerty,pofogerty75@mozilla.com,434999880-2,63043057495880772,6.80,2020-03-12 16:00:40
Friedrich,Brashier,fbrashier76@wiley.com,689222246-3,3572738173949972,16.46,2020-05-04 07:03:46
Adella,Viney,aviney77@bloomberg.com,463780000-5,4911641333416924,38.41,2020-02-24 22:24:30
Trudi,Skilton,tskilton78@alexa.com,102008140-6,6334453532451601,15.13,2019-11-22 09:31:16
Renie,Althorp,ralthorp79@dagondesign.com,391260914-4,3589390274747680,44.74,2020-03-29 14:52:55
Nathanial,Willoughby,nwilloughby7a@dedecms.com,269340783-4,5893812105070376,31.78,2020-08-14 19:06:59
Lianna,Strong,lstrong7b@biblegateway.com,570324287-8,3534130810922264,15.08,2020-03-29 06:38:03
Waverley,Gooderham,wgooderham7c@amazon.com,900405452-9,201652669385887,46.85,2020-08-10 14:27:52
Dell,Korn,dkorn7d@technorati.com,119899871-7,374288122334443,5.02,2020-02-03 02:39:24
Alonzo,Harry,aharry7e@mozilla.com,775467152-2,374288274033744,47.37,2020-02-09 16:00:37
Yorke,Blanpein,yblanpein7f@va.gov,008036782-8,3587215657347810,19.69,2019-12-10 10:14:51
Lev,Boodell,lboodell7g@vistaprint.com,349102078-6,3559319751268197,10.38,2020-10-02 05:44:49
Blayne,Learmonth,blearmonth7h@cpanel.net,612372798-2,4508947295138342,37.75,2020-05-07 13:19:10
Jolynn,Windsor,jwindsor7i@mtv.com,226361259-9,36098945873430,41.07,2020-06-09 19:37:04
Adams,Milington,amilington7j@freewebs.com,136797462-3,4936879086132876390,24.96,2020-06-17 16:56:30
Sophia,Simonaitis,ssimonaitis7k@ifeng.com,222133080-3,5610484432238985,35.98,2020-03-18 20:22:59
Rebekkah,Ravenscraft,rravenscraft7l@liveinternet.ru,469818982-9,30527638526588,38.99,2020-07-14 12:35:22
Neilla,Orchart,norchart7m@sourceforge.net,462232158-0,5007666616281721,18.76,2020-08-06 12:12:16
Heather,Prewer,hprewer7n@fastcompany.com,803633629-4,5500378120517804,25.62,2020-02-20 03:20:10
Demetrius,Ortet,dortet7o@cafepress.com,548176679-5,5010120507450966,16.09,2020-10-19 06:38:29
Denney,Bloys,dbloys7p@mlb.com,405771419-7,6374440778891575,32.82,2020-05-12 21:12:51
Tani,Cowlas,tcowlas7q@sciencedirect.com,919978065-8,5389073849043960,32.41,2019-11-08 06:55:24
Charleen,Threadgall,cthreadgall7r@unesco.org,903176690-9,6373056411332636,24.02,2019-11-20 10:50:02
Maudie,Esterbrook,mesterbrook7s@last.fm,778540213-2,3538018633696460,28.24,2019-11-03 08:58:14
Deny,Pawel,dpawel7t@dion.ne.jp,375263063-9,3589991977115461,45.15,2019-11-23 08:53:06
Lilith,Bonnin,lbonnin7u@biblegateway.com,927619619-6,4175009686793847,37.12,2020-10-24 09:42:43
Todd,Woakes,twoakes7v@nytimes.com,492433507-X,3570404146903685,29.43,2020-10-16 15:12:54
Carlo,Bengoechea,cbengoechea7w@comsenz.com,524203037-2,3576245079876065,10.39,2020-10-17 23:16:24
Daron,Geldart,dgeldart7x@sciencedirect.com,262857255-9,3585483662850473,15.05,2020-03-16 02:32:10
Idalia,Simmig,isimmig7y@upenn.edu,291064647-5,3569618139926238,25.39,2019-10-28 00:42:29
Lukas,Wolfenden,lwolfenden7z@time.com,135586821-1,3530490423432463,46.88,2020-02-07 16:47:49
Fredelia,Domengue,fdomengue80@opera.com,491686012-8,5426224772446721,36.98,2020-06-05 00:43:39
Ruprecht,Dryden,rdryden81@japanpost.jp,795266530-8,3569425989173188,24.28,2020-10-24 10:11:01
Yasmin,Novkovic,ynovkovic82@hao123.com,437255872-4,3543998618128980,15.69,2020-04-30 09:02:50
Jaye,Doul,jdoul83@oakley.com,547930125-X,3583800278696499,34.00,2019-11-18 13:54:54
Olwen,Caughte,ocaughte84@google.cn,260140470-1,5010124730121337,32.06,2020-01-31 00:17:25
Doloritas,Matz,dmatz85@studiopress.com,409110479-7,3539988974687642,11.67,2020-10-20 16:56:28
Zolly,Sanger,zsanger86@go.com,536405679-1,3583110463563003,9.54,2020-07-14 16:05:23
Rebecca,Brommage,rbrommage87@biblegateway.com,856240139-0,30287329017450,11.36,2020-03-05 19:07:53
Olga,Duncombe,oduncombe88@networksolutions.com,186753288-3,3550066426642392,8.97,2020-01-04 15:14:30
Xavier,Larchiere,xlarchiere89@soup.io,454734738-7,374622010205176,24.23,2020-03-30 09:01:48
Derby,Jurczak,djurczak8a@icio.us,181192588-X,30013380619954,26.37,2020-06-19 18:58:54
Sukey,Kettlestringe,skettlestringe8b@cafepress.com,741470593-5,3577401147235391,7.13,2020-05-01 21:44:12
Desirae,Palley,dpalley8c@ca.gov,857155986-4,5010128918880739,40.48,2020-01-15 17:01:28
Sayer,Koba,skoba8d@fc2.com,696402838-2,4629205084645,43.73,2020-01-06 03:01:37
Libbie,Himsworth,lhimsworth8e@canalblog.com,262861245-3,564182172515655837,37.39,2020-03-18 11:09:17
Hugo,Prantoni,hprantoni8f@blogs.com,026837290-X,3567131182426033,33.27,2019-11-22 23:05:08
Ainslee,Sciacovelli,asciacovelli8g@symantec.com,706090881-1,3549253714347207,24.92,2020-08-24 18:19:48
Waldon,Moloney,wmoloney8h@infoseek.co.jp,501029645-4,5002352251848398,22.79,2019-12-25 21:38:48
Quincy,Lindblad,qlindblad8i@privacy.gov.au,952626792-3,3571045786612893,13.91,2019-12-14 02:58:21
Mac,Shakesby,mshakesby8j@google.it,318997677-5,3575415135897220,40.06,2020-09-07 00:37:48
Elfreda,Glinde,eglinde8k@usatoday.com,485021781-8,6373700149573066,26.28,2019-12-05 16:57:50
Roddie,Goodoune,rgoodoune8l@bloglines.com,821189805-5,5466368297251594,17.96,2020-08-13 16:13:43
Wendye,Local,wlocal8m@webs.com,062106853-5,3539838221067835,34.15,2020-07-18 13:24:45
Dyanna,Fauning,dfauning8n@tamu.edu,115697502-6,060465720734890507,21.64,2020-06-10 13:35:46
Constance,Targetter,ctargetter8o@zdnet.com,432651817-0,4405997384406,27.16,2020-04-08 03:07:26
Clemente,Feldmus,cfeldmus8p@upenn.edu,466476656-4,3550028490040820,42.60,2020-08-14 17:08:10
Tiena,Kalinke,tkalinke8q@cnn.com,134140688-1,5048375639463438,28.29,2020-10-09 01:24:48
Meade,Lerwill,mlerwill8r@a8.net,295482342-9,3588790193312063,41.23,2020-06-01 15:48:09
Currie,O'Fallowne,cofallowne8s@vistaprint.com,775683394-5,30417703583575,21.34,2020-03-09 12:30:49
Corinne,Stanton,cstanton8t@wikimedia.org,766371069-X,676286494336078875,34.65,2020-08-16 18:46:56
Merell,Borgnet,mborgnet8u@un.org,346467792-3,5525795618101463,34.61,2020-09-01 06:09:29
Bren,Deboo,bdeboo8v@nsw.gov.au,246285248-4,5410236988845064,28.52,2020-04-10 01:43:21
Stesha,Grubey,sgrubey8w@yahoo.com,866300799-X,3554704736068595,11.67,2019-11-05 11:47:20
Fransisco,Phippard,fphippard8x@hao123.com,177073560-7,6370845396749787,27.19,2019-12-18 20:35:51
Doralynne,Exelby,dexelby8y@furl.net,576833476-9,3543640172801244,40.31,2020-03-05 21:46:13
Alberta,Attack,aattack8z@xing.com,445083192-6,4913860245567867,44.83,2020-10-26 00:05:27
Hannah,Canto,hcanto90@va.gov,104442683-7,6767006822133925114,9.35,2020-05-28 14:28:13
Nickie,Cumbridge,ncumbridge91@house.gov,747675945-1,374283548572759,41.03,2020-08-29 04:31:43
Edlin,Nezey,enezey92@flickr.com,136646977-1,6392258982206663,23.55,2020-04-14 02:55:35
Codie,Dollard,cdollard93@state.gov,069409227-4,3545930940565082,14.05,2020-01-30 11:50:19
Dell,Burnes,dburnes94@japanpost.jp,902291427-5,3566704122370684,37.29,2020-07-03 07:24:50
Nicola,Muckleston,nmuckleston95@nsw.gov.au,490332638-1,5602232998760094,11.33,2020-09-17 05:33:27
Humfried,Faltin,hfaltin96@slideshare.net,827012764-7,5483516238246615,27.70,2019-12-31 10:38:55
Wilt,Walcot,wwalcot97@printfriendly.com,166357211-9,5100143367896053,26.25,2020-05-03 08:56:36
Horace,Largan,hlargan98@fda.gov,010762577-6,3578254525964572,34.63,2020-08-14 23:03:24
Valry,Spada,vspada99@redcross.org,943404033-7,5002358354229618,39.33,2020-03-21 17:55:31
Cass,Cressey,ccressey9a@ning.com,249771982-9,3582327273495173,38.18,2020-01-29 13:29:46
Lindie,Spirritt,lspirritt9b@squarespace.com,664021290-0,3529168239998165,48.08,2020-02-10 17:54:11
Gretta,Hamberstone,ghamberstone9c@imageshack.us,699393305-5,4041374110534,46.78,2019-11-28 16:17:12
Louisette,Parysowna,lparysowna9d@nih.gov,804234619-0,5585966851769319,10.87,2020-06-05 20:15:07
Alaster,Chedgey,achedgey9e@wikimedia.org,504979394-7,201794065798642,43.61,2020-03-05 16:17:41
Hurleigh,Grundy,hgrundy9f@wikipedia.org,464639420-0,4936002564268455502,44.60,2020-03-03 03:21:26
Bearnard,Rushford,brushford9g@dell.com,812819350-3,30440941593891,14.62,2019-12-19 06:23:43
Cammy,Pretswell,cpretswell9h@so-net.ne.jp,425988336-4,5010121720395699,10.02,2020-01-27 01:09:23
Issiah,Gypson,igypson9i@prlog.org,866991124-8,3549035311838096,5.76,2020-01-13 10:14:55
Phillip,Graybeal,pgraybeal9j@behance.net,478797575-7,3564687877180964,13.46,2020-06-06 18:53:26
Filmore,Cline,fcline9k@mlb.com,651725810-8,3564492882921696,46.69,2020-07-08 20:03:09
Fanechka,MacBrearty,fmacbrearty9l@dagondesign.com,361747746-1,201910929883624,27.22,2020-01-02 00:21:31
Karlotte,Currum,kcurrum9m@irs.gov,494168656-X,5038995656015383335,5.19,2020-02-06 06:53:19
Bridget,Mendes,bmendes9n@w3.org,835339586-X,4099121114116641,18.83,2020-08-15 08:19:13
Rudyard,McCleod,rmccleod9o@hao123.com,030158501-6,3560310821327631,8.61,2020-03-31 21:49:26
Consuelo,Ubee,cubee9p@amazon.co.jp,158057685-0,4041374688230582,34.35,2020-08-16 14:03:17
Kerrie,Poulsen,kpoulsen9q@ebay.com,188658289-0,4405159049967422,49.72,2020-08-15 15:42:45
Leonard,Oag,loag9r@redcross.org,141736017-8,5602253112573700,26.79,2019-11-19 09:45:55
Cassie,Ghiotto,cghiotto9s@yellowpages.com,600692779-9,6771970745136729,19.57,2020-03-20 14:15:23
Rania,Balcers,rbalcers9t@naver.com,045084714-4,3570293833784056,8.09,2020-07-17 13:51:07
Gearalt,Serchwell,gserchwell9u@lulu.com,192983039-4,3568045372464589,7.80,2020-09-27 14:14:22
Ronda,Stilly,rstilly9v@indiegogo.com,635656558-6,5002358230780529,47.69,2020-04-23 15:33:23
Tanny,Narramor,tnarramor9w@dagondesign.com,258409521-1,3582922368722539,18.04,2020-07-10 00:33:26
Ceciley,Tasker,ctasker9x@foxnews.com,626376379-5,4917552526109917,31.71,2020-03-02 13:25:36
Dav,Philippeaux,dphilippeaux9y@guardian.co.uk,074265880-5,4899959542185,35.05,2020-08-20 09:36:02
Ardeen,Caukill,acaukill9z@ucoz.ru,063371377-5,6767477691628214320,11.18,2020-05-25 23:43:13
Janaye,Flancinbaum,jflancinbauma0@seesaa.net,215713707-6,6389882686419259,41.99,2020-05-07 09:39:20
Zebedee,Klampt,zklampta1@ustream.tv,973683410-7,3532320572743022,38.36,2020-08-27 07:46:21
Lindi,McCreath,lmccreatha2@acquirethisname.com,804704581-4,3530489344845910,43.22,2020-10-06 07:42:03
Livvy,Everall,leveralla3@stumbleupon.com,708225397-4,56022110215320873,31.02,2020-02-23 16:09:00
Wilie,Furley,wfurleya4@businesswire.com,656197484-0,6762536884007707,36.54,2020-09-16 15:20:44
Kaja,Askell,kaskella5@typepad.com,578207316-0,374288930059141,48.17,2020-10-07 22:34:16
Karla,Scantleberry,kscantleberrya6@cam.ac.uk,143874197-9,6771142012907105,15.00,2020-01-08 10:10:43
Carita,Kaygill,ckaygilla7@home.pl,485993600-0,4911279395159973,13.47,2020-02-07 13:17:51
Shurlock,Horlock,shorlocka8@purevolume.com,007302101-6,5020446329937296,32.44,2020-06-18 03:21:18
Melonie,Damiata,mdamiataa9@sakura.ne.jp,764876170-X,3571900298807177,18.31,2020-01-29 13:10:47
Davon,Kivell,dkivellaa@quantcast.com,173043729-X,30444021235043,19.03,2020-10-23 01:35:53
Neilla,Airs,nairsab@dot.gov,947904298-3,3589609781836938,42.40,2020-06-02 14:04:16
Dee dee,Masselin,dmasselinac@zdnet.com,153676898-7,5325284986057203,5.06,2020-05-01 09:31:48
Kylynn,Videan,kvideanad@sina.com.cn,698017913-6,5602259880398667,40.32,2020-09-09 16:40:52
Alvira,Corner,acornerae@gov.uk,392109864-5,5020730110019901062,23.19,2019-10-30 07:56:34
Obediah,Nipper,onipperaf@time.com,040109055-8,3545112430729870,32.72,2019-12-17 01:48:29
Derrick,Maryott,dmaryottag@skype.com,093693384-4,201657016434072,36.16,2019-12-26 18:02:01
Violet,Rawood,vrawoodah@jalbum.net,709718486-8,3562212710280996,5.05,2020-05-28 12:26:34
Dag,Alenov,dalenovai@blogspot.com,922813546-8,5007665968006678,8.17,2020-06-04 05:44:58
Fleur,Dainty,fdaintyaj@exblog.jp,693401960-1,5100176111197741,33.15,2019-12-28 18:56:54
Lira,Austin,laustinak@godaddy.com,626239434-6,5602217778690017,25.83,2020-08-15 05:34:49
Dennet,Rudgerd,drudgerdal@businessinsider.com,077989756-0,5602211918251863,9.60,2020-06-21 03:56:36
Tedi,Mcwhinney,tmcwhinneyam@gizmodo.com,565668609-4,374288022938731,27.64,2020-08-08 23:56:46
Beltran,O'Neil,boneilan@ucla.edu,555488227-7,6334052393676056016,14.08,2020-06-04 14:36:12
Bruce,Rottcher,brottcherao@google.ca,132590527-5,201648950348840,12.09,2020-02-14 09:54:10
Morganica,Hedworth,mhedworthap@ihg.com,171733367-2,3551370283931651,26.59,2020-03-08 20:07:35
Corey,Magnus,cmagnusaq@archive.org,614721330-X,060462107217407095,46.99,2020-02-02 21:36:07
Mattheus,Ledson,mledsonar@xing.com,464814262-4,374622695980556,25.06,2020-10-17 23:22:28
Kahaleel,Linstead,klinsteadas@jalbum.net,164906428-4,5007669928322258,40.56,2020-05-24 07:52:14
Roosevelt,Collecott,rcollecottat@bloglovin.com,359251353-2,63044792875767343,29.09,2020-01-19 17:53:52
Bidget,Aleksankov,baleksankovau@webs.com,239282693-5,503846219232219961,39.38,2019-10-29 01:08:23
Melvyn,Tordiffe,mtordiffeav@imdb.com,949492396-0,30106870331435,16.52,2020-06-25 23:20:06
Daffie,Palley,dpalleyaw@booking.com,072407215-2,67617525425250925,32.49,2020-06-27 17:07:06
Arabelle,Dawbery,adawberyax@ovh.net,716574971-3,30099269011918,12.09,2020-08-19 10:04:56
Harlan,Fenning,hfenningay@trellian.com,519990414-0,3580022111925679,6.58,2020-10-20 03:49:48
Vincent,Strongman,vstrongmanaz@google.es,333028705-5,6762571363291944,30.39,2020-10-19 08:17:23
Arvin,Gammon,agammonb0@ustream.tv,371376031-4,3537998783133599,39.33,2020-01-12 15:26:30
Thomasin,Youell,tyouellb1@gizmodo.com,022446176-1,3529280744878293,14.53,2020-06-15 03:44:05
Homere,Labuschagne,hlabuschagneb2@elpais.com,618823114-0,3530349072512563,41.43,2020-04-23 03:08:40
Rachel,Veronique,rveroniqueb3@mayoclinic.com,379253389-8,3570144546372665,14.98,2020-08-15 20:10:30
Gallagher,Riby,gribyb4@addthis.com,109513344-6,3577263014178991,43.93,2020-07-02 06:18:47
Reamonn,Fawckner,rfawcknerb5@google.com.br,199704276-2,5602256750449729,7.06,2020-04-25 08:56:22
Kipper,Layfield,klayfieldb6@aol.com,810518438-9,3550399025093380,49.52,2020-08-04 07:40:42
Hillel,Domeney,hdomeneyb7@fotki.com,989607290-6,3563432535151599,31.50,2020-09-15 06:33:00
Biddy,Marlin,bmarlinb8@imgur.com,962422917-1,3569330602915371,47.14,2020-01-24 22:14:39
Catlin,Methven,cmethvenb9@twitpic.com,811504079-7,3588576624801240,32.54,2020-09-23 16:12:26
Tally,Caller,tcallerba@addthis.com,704962955-3,5602213596999557,18.79,2020-01-09 04:18:35
Ricard,Stickler,rsticklerbb@tripod.com,951894381-8,3560332818304258,34.93,2020-06-12 18:10:38
Werner,Favill,wfavillbc@chronoengine.com,610746105-1,5602254780207027,34.75,2019-10-30 22:56:47
Charlot,Brinicombe,cbrinicombebd@tiny.cc,285522044-0,3541057858714132,7.16,2019-11-22 23:56:30
Dyann,Bridge,dbridgebe@bloomberg.com,252544954-1,3535372903425263,18.87,2019-11-10 12:02:29
Ashely,Bunner,abunnerbf@yale.edu,191752059-X,3582101490973282,26.86,2020-07-25 11:55:09
Auria,Cardnell,acardnellbg@huffingtonpost.com,245179844-0,6304137924993421,7.82,2020-06-16 07:21:34
Trude,Motton,tmottonbh@cbc.ca,434559840-0,5893139465556301,42.19,2020-10-15 16:00:12
Simonne,Eadmead,seadmeadbi@whitehouse.gov,467872970-4,5108752168092019,10.55,2019-10-27 16:48:14
Alden,Haythornthwaite,ahaythornthwaitebj@histats.com,044216668-0,6334363192602950407,42.81,2020-03-06 12:34:52
Binny,O'Garmen,bogarmenbk@netlog.com,023872833-1,3567929569684342,49.16,2020-08-26 10:20:10
Solomon,Brahm,sbrahmbl@nasa.gov,778574097-6,3582410374947381,12.54,2020-08-16 18:02:51
Terencio,Forrest,tforrestbm@de.vu,899379646-7,5002352934025331,39.64,2020-02-13 21:39:19
Xenia,Rapps,xrappsbn@google.pl,414928766-X,4340313936136,49.27,2020-01-18 14:32:16
Reynolds,Djorevic,rdjorevicbo@php.net,654893254-4,3530668175178950,22.46,2020-05-15 18:57:03
Prudi,Husher,phusherbp@gizmodo.com,037298450-9,3573548815265284,47.34,2019-10-27 00:38:04
Grata,Wildsmith,gwildsmithbq@hhs.gov,036814305-8,5100179675837371,10.75,2020-10-21 02:28:29
Titos,Matthews,tmatthewsbr@ifeng.com,667792975-2,5602250745384208,18.43,2020-03-28 18:55:38
Armando,Garrould,agarrouldbs@51.la,283675922-4,3582163069979728,48.49,2020-06-10 10:51:52
Clemens,Doctor,cdoctorbt@uiuc.edu,396139248-X,67591299211490570,13.49,2019-12-29 18:57:51
Patrizia,Menere,pmenerebu@dyndns.org,515849239-5,30004916754480,43.42,2020-07-16 06:59:17
Lesya,Millhill,lmillhillbv@sphinn.com,061430035-5,3587086495121935,31.66,2020-05-01 05:47:45
Bonnibelle,Braham,bbrahambw@kickstarter.com,575324773-3,4017957892229083,33.45,2020-04-27 18:09:33
Halley,Lorenzetti,hlorenzettibx@parallels.com,428757168-1,3553469504191133,42.16,2020-05-20 01:20:08
Julietta,Mellonby,jmellonbyby@forbes.com,623868937-4,5002358399184372,7.66,2020-05-13 08:44:35
Bucky,Shavel,bshavelbz@infoseek.co.jp,923858602-0,3560505737408033,18.82,2019-11-18 08:14:59
Templeton,Blasiak,tblasiakc0@smh.com.au,302342681-3,3542048168437836,24.46,2020-09-20 05:11:53
Fancy,Conniam,fconniamc1@ftc.gov,948809449-4,3561196386662838,22.64,2020-06-25 04:16:33
Mariana,Caldron,mcaldronc2@studiopress.com,604386360-X,5010120204064961,11.75,2019-12-02 11:07:12
Klaus,Kornousek,kkornousekc3@myspace.com,121629373-2,6304022188201999916,46.23,2020-03-30 17:23:06
Parnell,Caherny,pcahernyc4@disqus.com,404410133-7,3547386276188635,46.31,2020-09-17 16:39:14
Martynne,Sweetman,msweetmanc5@timesonline.co.uk,175578318-3,343854793055233,23.61,2020-05-26 17:28:09
Astrix,Puve,apuvec6@quantcast.com,962737934-4,676345336730479911,41.56,2019-10-30 23:37:34
Talbot,Van der Krui,tvanderkruic7@harvard.edu,392624391-0,6331107158735787,5.32,2020-10-13 04:51:22
Josee,Scobie,jscobiec8@tamu.edu,699405170-6,3534082866980375,38.79,2020-09-05 11:23:30
Anatola,Angus,aangusc9@twitpic.com,614848853-1,6304783599272015136,36.52,2019-12-12 04:33:57
Janeva,Bresman,jbresmanca@shinystat.com,740023934-1,6378355790208986,44.51,2020-08-05 05:10:12
Jewell,Beadnell,jbeadnellcb@xinhuanet.com,186352412-6,30374263253521,15.78,2019-11-22 12:04:00
Kippar,Terzi,kterzicc@netlog.com,207979701-8,5100135537966238,40.35,2020-08-07 22:46:47
Dannel,Eddleston,deddlestoncd@hibu.com,687391635-8,3567325540440971,30.40,2020-08-20 06:21:56
Ivette,Antonikov,iantonikovce@mayoclinic.com,020538241-X,201532371849356,42.85,2020-05-13 14:03:37
Tiffany,Calway,tcalwaycf@dagondesign.com,490607150-3,5100143603556883,23.76,2020-08-06 10:09:55
Britt,Gomersall,bgomersallcg@hexun.com,842177841-2,3537398754196552,22.87,2019-11-20 15:50:07
Barbe,Pollett,bpollettch@nytimes.com,852366421-1,3545084263095259,32.39,2020-01-27 11:19:17
Abagael,Peery,apeeryci@elegantthemes.com,081109732-3,561079893842695525,41.90,2020-01-11 07:53:17
Kaylee,McBride,kmcbridecj@blogs.com,157018614-6,201877863100366,36.39,2019-12-29 03:22:03
Gherardo,Blincow,gblincowck@nature.com,157581491-9,3548529592455217,10.13,2020-07-15 17:15:57
Cullan,Struther,cstruthercl@irs.gov,154204358-1,6759709443234766,33.98,2020-07-16 16:22:35
Katy,Bagott,kbagottcm@deliciousdays.com,781718024-5,5527911477125034,25.29,2019-11-27 04:33:47
Aube,Crees,acreescn@stanford.edu,191722006-5,370581767732077,8.33,2020-03-22 06:01:59
Allyn,Valentim,avalentimco@marketwatch.com,913765666-X,3575329127259697,35.94,2020-10-05 02:19:38
Kala,Leonarde,kleonardecp@printfriendly.com,960038665-X,5641825467367011,43.78,2020-09-20 00:01:29
Valentine,Tabourel,vtabourelcq@photobucket.com,932181905-3,201966510134488,12.40,2020-08-14 09:17:38
Cyndie,Chivers,cchiverscr@economist.com,025869972-8,5567002519011837,23.47,2020-09-15 08:14:12
Tallia,Mardling,tmardlingcs@yelp.com,671615838-3,3537754165366418,11.18,2020-10-07 05:06:07
Svend,Hillburn,shillburnct@fda.gov,259951668-4,374489698098426,21.32,2020-06-17 18:03:15
Dillie,Keenlyside,dkeenlysidecu@cnbc.com,041860581-5,6398172990726089,47.95,2020-09-09 09:29:05
Trevor,Butterfill,tbutterfillcv@diigo.com,857995027-9,4026584795273098,9.70,2020-06-23 18:41:04
Curt,Willmont,cwillmontcw@umn.edu,206537301-6,6334296214364851,28.19,2020-01-29 17:17:43
Ford,Suero,fsuerocx@miitbeian.gov.cn,417096122-6,5477942133856134,44.19,2020-02-02 15:47:51
Pincas,Cribbott,pcribbottcy@sourceforge.net,779329845-4,3548394425465036,10.25,2020-04-24 20:21:33
Sophie,Lodwig,slodwigcz@globo.com,980332179-X,3572124274496736,39.49,2020-01-15 04:06:30
Mikkel,Fooks,mfooksd0@utexas.edu,529940830-7,5602228578765354,20.72,2020-02-10 00:48:09
Emory,Van Salzberger,evansalzbergerd1@tripod.com,605479831-6,5295558234380269,38.45,2020-04-28 07:11:38
Estrella,Yate,eyated2@skype.com,790132251-9,677140820678715779,21.92,2020-06-25 00:47:50
Delphine,Itzik,ditzikd3@youtube.com,871688284-9,3531574005705492,32.66,2020-03-03 01:07:17
Aurthur,Smythe,asmythed4@ebay.co.uk,268528821-X,633344507467405756,20.37,2020-02-24 00:29:03
Robby,Oldacres,roldacresd5@amazonaws.com,946383649-7,3543507125439663,32.36,2020-01-07 15:09:00
Merrielle,Puckring,mpuckringd6@nytimes.com,307609680-X,3565710788137672,27.87,2020-10-21 03:22:11
Odell,Coveny,ocovenyd7@tumblr.com,988891613-0,36442032918577,36.12,2019-11-03 07:50:31
Kelli,Cantua,kcantuad8@opera.com,838632536-4,3556648864793235,31.34,2020-08-22 09:46:17
Juana,Hesbrook,jhesbrookd9@digg.com,529620713-0,3535266422099361,39.24,2020-08-08 11:55:15
Andria,Casham,acashamda@harvard.edu,704458698-8,3557254881387132,34.93,2020-06-21 07:08:27
Kate,McGaugan,kmcgaugandb@yellowpages.com,299437544-3,5038941863614483,6.34,2020-05-18 08:35:16
Reuven,Lilleyman,rlilleymandc@parallels.com,858155895-X,56022200043265216,39.71,2020-07-11 08:38:17
Chrotoem,Rodgman,crodgmandd@webeden.co.uk,527834663-9,5007668796864821,45.90,2020-07-19 17:52:43
Fancie,Ruler,frulerde@vistaprint.com,161628318-1,3587819792898130,42.96,2019-11-15 08:01:30
Vern,Gamon,vgamondf@house.gov,790857989-2,30034195948271,40.72,2020-08-23 04:09:41
Ivett,Semor,isemordg@google.de,494268321-1,5243905290417589,31.89,2020-04-06 10:39:44
Ellissa,Iacovelli,eiacovellidh@blogger.com,816836117-2,5602249643382730576,10.36,2020-06-26 23:25:54
Forster,Defont,fdefontdi@unesco.org,773828583-4,56022132644055169,30.58,2020-02-15 00:03:54
Tabina,Woollam,twoollamdj@barnesandnoble.com,510082424-7,6396432152831883,46.62,2020-10-10 16:44:00
Hailey,Anthony,hanthonydk@ehow.com,867400594-2,50388481318989935,7.91,2020-07-02 14:47:18
Sandye,Macer,smacerdl@nature.com,706260362-7,060468586048805235,49.01,2020-08-22 20:08:31
Monique,Sewley,msewleydm@yellowpages.com,234629686-4,374622087420500,45.15,2019-11-25 15:59:22
Venus,Giotto,vgiottodn@smugmug.com,256904355-9,3571390127984720,12.06,2020-06-19 08:14:03
Gothart,Dagwell,gdagwelldo@yolasite.com,666095249-7,374288487744483,30.08,2020-01-01 14:04:55
Silvanus,Clarycott,sclarycottdp@fc2.com,833456681-6,3563523389596408,27.47,2020-06-25 15:12:22
Rosene,Kupka,rkupkadq@fastcompany.com,816968530-3,5100148011876518,23.34,2020-01-15 13:18:26
Raymund,Kleinbaum,rkleinbaumdr@phoca.cz,538872710-6,56022430143978380,12.17,2020-03-19 02:13:48
Washington,Cheson,wchesonds@booking.com,829188284-3,3578195662158892,39.43,2020-07-27 03:29:14
Carina,Esel,ceseldt@princeton.edu,526523863-8,3536777781341110,34.16,2020-09-09 13:11:51
Minta,Geggie,mgeggiedu@reference.com,522461442-2,3556238579408772,36.21,2019-12-20 03:04:14
Daile,Cleiment,dcleimentdv@usda.gov,393851788-3,3582978724183857,7.44,2020-09-12 08:54:27
Annalee,Alesi,aalesidw@dagondesign.com,592690040-9,5526654093945663,40.59,2020-06-02 07:24:49
Ibrahim,Jemison,ijemisondx@ox.ac.uk,654813755-8,5100134683930239,22.17,2020-03-20 12:05:04
Joelie,Goves,jgovesdy@si.edu,665140157-2,337941819645895,21.73,2020-10-15 22:55:07
Giff,Plackstone,gplackstonedz@i2i.jp,385068738-4,4041594899631266,46.21,2020-08-30 12:58:53
Maddie,Deftie,mdeftiee0@1und1.de,894421220-1,3544013238377758,23.54,2020-04-25 13:59:30
Temp,Boc,tboce1@linkedin.com,209604858-3,3572782055311851,13.61,2019-11-06 00:16:07
Willis,Maber,wmabere2@godaddy.com,504768410-5,4936131691745909,6.17,2019-11-06 20:43:46
Chrystal,Grcic,cgrcice3@myspace.com,124379957-9,3561173869392472,28.81,2020-10-07 05:43:54
Bonni,Bullers,bbullerse4@cbslocal.com,464445354-4,6304846499617153,13.15,2020-10-08 05:17:43
Davine,Ketton,dkettone5@sogou.com,505001456-5,6304482882422173,5.83,2020-10-20 12:41:53
Edythe,Brickham,ebrickhame6@twitter.com,784903199-7,5100134478731404,46.49,2020-04-18 19:09:29
Pat,Stirrip,pstirripe7@elpais.com,043588128-0,3572019167909268,6.72,2020-03-17 03:48:54
Emelda,Truse,etrusee8@springer.com,813233698-4,4508716741631253,18.66,2020-06-14 21:40:25
Oralee,McIlwrath,omcilwrathe9@w3.org,346514000-1,4508101741108463,36.05,2020-09-12 06:10:16
Ingaberg,Vivien,ivivienea@salon.com,238078411-6,3558439681367140,20.28,2020-04-01 17:44:27
Traver,Nulty,tnultyeb@merriam-webster.com,885074508-7,3541394816480765,36.49,2020-06-04 12:27:17
Rica,Ferrarin,rferrarinec@blinklist.com,861939666-8,5002355562921085,24.20,2019-12-27 17:47:18
Marcellus,Billyeald,mbillyealded@storify.com,971767977-0,56022577315656168,9.42,2020-06-28 19:23:11
Georas,Guage,gguageee@salon.com,747555146-6,3549959740647317,31.44,2020-09-06 06:50:18
Blinnie,Judgkins,bjudgkinsef@facebook.com,319708364-4,5602222622181296,17.75,2020-01-31 03:18:28
Elle,Tamburi,etamburieg@newyorker.com,260044002-X,5602255674605036,31.54,2020-02-08 06:30:10
Shaughn,Elmhirst,selmhirsteh@intel.com,684885550-2,5048371754841508,28.13,2020-03-22 19:09:05
Dawn,Noke,dnokeei@berkeley.edu,976358589-9,676367550687150464,22.78,2020-03-20 20:23:10
Tandi,Franchi,tfranchiej@theglobeandmail.com,489576125-8,5237222853699589,7.05,2020-03-10 16:41:56
Mufi,Reeves,mreevesek@mail.ru,764805536-8,3549069770463310,16.96,2020-06-21 20:55:41
Norry,Jamieson,njamiesonel@linkedin.com,848453198-8,5602258797042244,39.64,2019-12-02 01:30:45
Jocelyn,Copnar,jcopnarem@pen.io,365425217-6,63040705527276681,7.51,2020-07-08 02:07:29
Ragnar,Kelwick,rkelwicken@dailymail.co.uk,188251326-6,3545114323834478,16.18,2020-09-24 17:07:18
Jyoti,Hurd,jhurdeo@is.gd,688956533-9,5476811370907929,41.23,2020-02-09 22:07:59
Dorey,Ginnell,dginnellep@wired.com,216187446-2,5390863589240736,43.84,2019-12-12 13:51:43
Kahlil,le Keux,klekeuxeq@samsung.com,114113051-3,633388896996779956,9.95,2019-11-02 15:09:21
Julie,Overstall,joverstaller@bigcartel.com,653376413-6,6759740117164799,36.56,2020-08-30 23:35:51
Bibi,Lynas,blynases@live.com,467051641-8,3556495837018153,9.57,2020-07-13 01:11:46
Mia,Cobson,mcobsonet@vkontakte.ru,364090398-6,5108751198504290,25.74,2019-12-14 20:43:03
Jules,Winley,jwinleyeu@spiegel.de,730837917-5,5610626016107263,22.27,2020-02-02 06:44:29
Cassie,Bynert,cbynertev@google.ru,111576398-9,201848134900934,10.27,2020-09-14 04:42:38
Gregorius,Bruhke,gbruhkeew@is.gd,702424205-1,4041593400133705,40.63,2019-11-13 17:04:07
Taryn,Pharrow,tpharrowex@ning.com,737421154-6,3555865656177259,32.65,2020-01-08 22:53:09
Norrie,Hammon,nhammoney@linkedin.com,677081566-4,374288440405313,46.55,2020-04-26 01:45:19
Luce,Sayse,lsayseez@google.co.jp,556699930-1,30599845479166,32.40,2020-05-21 03:48:22
Ronni,Nyssens,rnyssensf0@indiegogo.com,387800833-3,3564208025215154,45.89,2019-11-19 06:59:54
Major,Styant,mstyantf1@yellowpages.com,967699385-9,493633748730794225,12.30,2019-11-17 21:45:50
Isaiah,McLugaish,imclugaishf2@nih.gov,342044830-9,3555347192754750,5.41,2020-07-31 09:02:33
Fitzgerald,Faircley,ffaircleyf3@fema.gov,712416221-1,201584331239871,20.56,2020-01-01 12:15:07
Rad,Mayo,rmayof4@barnesandnoble.com,477770628-1,6759623841144800,10.75,2020-10-20 17:01:29
Eleanora,Sheryn,esherynf5@deviantart.com,330890711-9,5602238313087907,20.46,2020-07-22 11:51:49
Con,Sellack,csellackf6@i2i.jp,623279808-2,5391989438680647,47.71,2020-06-17 23:38:59
Frans,Bonde,fbondef7@ebay.com,496713199-9,3545138146009737,37.80,2020-06-03 00:46:44
Mable,Dunseath,mdunseathf8@unicef.org,263111533-3,6333110333552761042,18.84,2020-05-10 13:16:04
Annis,Beaushaw,abeaushawf9@linkedin.com,195612317-2,5132174978001926,43.57,2020-10-13 12:13:42
Rosaline,Ely,relyfa@bandcamp.com,395163135-X,337941718958704,46.13,2020-06-15 18:34:59
Abran,Slimings,aslimingsfb@prlog.org,904500117-9,3580566934312929,46.39,2020-03-16 13:18:28
Howard,Brunroth,hbrunrothfc@sciencedaily.com,071304304-0,3574172786039922,9.68,2020-01-08 00:18:08
Phillida,Boggs,pboggsfd@soup.io,776502270-9,5048371304005430,33.17,2020-05-31 08:02:26
Michal,Terram,mterramfe@arizona.edu,059876066-0,5602257932055277,11.76,2020-06-09 21:56:32
Shermy,Shilvock,sshilvockff@spiegel.de,224425572-7,3556696047730145,25.12,2020-01-01 04:34:45
Irv,Broose,ibroosefg@freewebs.com,775679495-8,3547678713257886,36.75,2020-05-27 03:27:30
Far,Grishaev,fgrishaevfh@facebook.com,135399902-5,4905191685871605,25.69,2020-01-03 18:27:02
Bobby,Januszkiewicz,bjanuszkiewiczfi@nps.gov,034732879-2,589344590285796576,33.84,2020-04-26 12:18:58
Robenia,Brewett,rbrewettfj@mtv.com,055211879-6,06047626298643911,46.60,2020-05-12 10:16:01
Shantee,Tetford,stetfordfk@google.cn,088697711-8,5602255330169997,15.88,2020-09-25 11:22:29
Benton,Woodroff,bwoodrofffl@answers.com,009346560-2,3539557547047335,42.56,2020-02-08 08:05:52
Terrijo,Martinot,tmartinotfm@issuu.com,063627688-0,3584739501284492,40.60,2019-11-24 23:25:00
Addy,Millier,amillierfn@sourceforge.net,880465714-6,4175006982593665,10.60,2020-08-07 15:51:57
Dacia,Binne,dbinnefo@mysql.com,999702015-4,5048374304259395,45.54,2020-04-08 13:52:12
Lancelot,Midghall,lmidghallfp@msu.edu,167446877-6,201626073669763,39.23,2020-04-25 00:10:37
Rhea,Maddock,rmaddockfq@google.com.au,152670023-9,3563612334221798,40.12,2020-03-10 05:52:46
Teriann,Savaage,tsavaagefr@smh.com.au,160165072-8,4917511379350820,26.00,2020-07-23 00:37:01
Cecilia,Storms,cstormsfs@biglobe.ne.jp,182224727-6,4175006682051428,16.81,2020-10-19 22:03:58
Valle,Matijasevic,vmatijasevicft@paginegialle.it,740279609-4,201497249015137,18.85,2020-05-20 21:24:23
Yulma,Huertas,yhuertasfu@engadget.com,198611000-1,06043111961716819,49.75,2020-07-02 04:47:41
Archie,Seager,aseagerfv@desdev.cn,188002686-4,201973822785940,19.56,2020-07-02 16:11:36
Tildie,Demer,tdemerfw@weibo.com,614507595-3,3575336841331215,10.08,2020-02-16 14:55:41
Krispin,Colgan,kcolganfx@europa.eu,522796495-5,5602250528943789722,29.15,2020-03-13 14:04:54
Kassi,Blaxter,kblaxterfy@skyrock.com,494434862-2,5602240629002950,46.67,2019-11-02 23:51:37
Kippar,Verrillo,kverrillofz@wunderground.com,420447240-0,3588086165943542,21.78,2020-04-20 14:06:23
Benedetto,Whelpton,bwhelptong0@liveinternet.ru,306248823-9,30222262349867,30.53,2020-03-14 17:54:48
Ange,Sallinger,asallingerg1@wunderground.com,982627993-5,30484479339509,8.64,2020-01-13 00:40:17
Wilhelmina,Nice,wniceg2@eventbrite.com,495669379-6,5442060887839222,25.88,2019-10-28 19:33:14
Kary,Sowersby,ksowersbyg3@exblog.jp,868053303-3,3587296829066348,22.02,2020-07-01 22:45:35
Cass,Mathew,cmathewg4@yale.edu,896334887-3,3540494737204301,26.66,2020-03-02 11:00:04
Archibald,Di Napoli,adinapolig5@angelfire.com,740417845-2,5602243136638324,25.09,2020-07-20 20:01:43
Angelica,Londing,alondingg6@fc2.com,421516026-X,3530793407120230,45.39,2020-10-13 04:26:01
Adi,Frake,afrakeg7@ovh.net,932545953-1,3558827814178345,11.13,2020-10-15 09:26:25
Gabby,Spurier,gspurierg8@wisc.edu,613054772-2,30538300674671,43.30,2019-12-13 18:23:02
Fonz,Gaskell,fgaskellg9@yandex.ru,794667777-4,3567704179449984,49.49,2020-02-15 12:04:49
Hiram,Leaman,hleamanga@theguardian.com,980367268-1,493610349847259108,31.92,2020-07-14 12:30:54
Lucky,Pennells,lpennellsgb@wikimedia.org,474374142-4,5893445739813760,14.59,2020-03-12 15:14:31
Beck,Golson,bgolsongc@feedburner.com,096967151-2,3537271370775507,6.34,2020-07-25 04:48:45
Lydie,Fucher,lfuchergd@mysql.com,665715510-7,6709657362685338790,7.57,2020-06-20 18:38:35
Beverlee,Nend,bnendge@behance.net,069448413-X,201572255815297,35.03,2019-11-28 22:10:20
Ciro,Cutting,ccuttinggf@devhub.com,011151949-7,67630586922494187,43.39,2020-10-12 11:48:23
Bonnibelle,Keeney,bkeeneygg@samsung.com,451656076-3,5602238644002443,40.71,2020-02-04 03:44:26
Mallissa,Aronov,maronovgh@printfriendly.com,727144674-5,5002356569667416,30.52,2020-10-13 05:34:53
Link,Northbridge,lnorthbridgegi@bing.com,736140830-3,374622739012127,47.12,2020-02-08 06:22:04
Yulma,Fayter,yfaytergj@ed.gov,520737922-4,3543479141932677,40.40,2020-01-02 11:34:01
Pietro,Fairham,pfairhamgk@drupal.org,583372092-3,3538960459327581,16.57,2020-06-07 15:04:06
Genovera,Canizares,gcanizaresgl@intel.com,986687674-8,633405734392060250,31.54,2020-01-25 10:25:27
Katlin,Feria,kferiagm@usatoday.com,642593363-1,589381461292642738,30.16,2019-12-03 01:57:29
Garvy,Rodger,grodgergn@cornell.edu,502922963-9,3570180347903902,47.71,2019-11-20 13:18:35
Erny,Yardley,eyardleygo@jimdo.com,761024879-7,3569051655079374,27.50,2020-03-21 13:30:59
Reggie,Janc,rjancgp@printfriendly.com,025392511-8,3585539109395750,11.83,2019-11-14 01:36:58
Katharyn,Stoite,kstoitegq@state.tx.us,403684059-2,30252723219409,15.54,2020-07-29 20:57:01
Joletta,Weems,jweemsgr@alibaba.com,440500932-5,3574415775928187,45.32,2020-08-31 08:28:35
Oswald,Rapkins,orapkinsgs@studiopress.com,856942811-1,6767572332682903,49.81,2020-05-24 21:21:45
Hewie,Dysart,hdysartgt@irs.gov,903473449-8,5100147140194082,42.30,2020-02-20 02:46:33
Dorris,Blackett,dblackettgu@kickstarter.com,658653676-6,3543363759672991,39.69,2020-01-07 03:19:57
Howey,Skowcraft,hskowcraftgv@stumbleupon.com,620951850-8,56022497676679982,34.60,2020-02-24 08:53:04
Trina,Collymore,tcollymoregw@xrea.com,750281512-0,3573332302763931,24.76,2020-08-27 19:00:30
Erica,Pettisall,epettisallgx@g.co,765615470-1,6380912574334176,18.15,2020-10-14 04:59:32
Valeria,Gladtbach,vgladtbachgy@discuz.net,496991218-1,6706876580509865968,39.52,2020-07-27 17:52:22
Ailsun,Hartrick,ahartrickgz@php.net,165235016-0,3589972522793085,33.77,2020-09-15 04:15:42
Amandy,Tomley,atomleyh0@mayoclinic.com,357215307-7,3565681489144533,44.67,2020-02-19 20:23:34
Lorrayne,Bagenal,lbagenalh1@cnet.com,582731771-3,3554602168979315,23.75,2020-03-10 20:35:42
Quent,Perazzo,qperazzoh2@ebay.com,009605160-4,490537794354055124,39.11,2020-02-01 14:39:00
Gweneth,Shorbrook,gshorbrookh3@opensource.org,113239424-4,3584329505130055,27.21,2020-06-22 10:38:51
Gizela,Hynd,ghyndh4@ftc.gov,792730936-6,5602239890503597,31.61,2020-05-13 07:49:33
Corette,Robrose,crobroseh5@e-recht24.de,654505568-2,3580617181096507,14.76,2020-08-25 01:06:21
Jorrie,Dovermann,jdovermannh6@tinypic.com,663371542-0,3553530680325504,10.53,2020-05-23 16:00:54
Vi,Gerriessen,vgerriessenh7@dropbox.com,075308373-6,3537055003134251,14.98,2020-01-02 10:26:47
Kelcey,Linggood,klinggoodh8@ustream.tv,172464653-2,3554081296515962,45.97,2019-12-26 18:03:24
Hermann,Broxton,hbroxtonh9@naver.com,984234366-9,63042645956908487,12.75,2020-08-31 23:20:40
Forster,Lattin,flattinha@slideshare.net,020296831-6,3565593341100258,28.69,2020-07-04 13:18:23
Delilah,Kiffe,dkiffehb@cbc.ca,187240852-4,3528348401052774,28.69,2020-02-03 23:54:06
Darya,Fluit,dfluithc@springer.com,629610699-8,5344244098579814,32.41,2019-12-17 10:11:03
Mady,Klais,mklaishd@chron.com,931367554-4,5007667509532576,44.05,2020-05-21 10:27:56
Tilly,Esmonde,tesmondehe@hatena.ne.jp,364704674-4,6334626606326065617,11.29,2020-04-05 10:07:35
Riannon,Colliford,rcollifordhf@de.vu,519318538-X,5610657336115793,36.47,2020-09-26 18:36:27
Leah,Hunston,lhunstonhg@nifty.com,004296655-8,3579546581010086,7.46,2020-10-20 05:56:43
Roderick,Yerborn,ryerbornhh@friendfeed.com,092690207-5,3569986614192620,23.60,2020-01-16 07:49:15
Uriel,Staveley,ustaveleyhi@wikispaces.com,334491757-9,201602852770064,36.03,2020-08-28 05:23:52
Winnah,Oseman,wosemanhj@canalblog.com,176808945-0,3564017242033880,48.15,2020-09-25 15:45:46
Tarrance,Pescod,tpescodhk@reference.com,910602046-1,5002354682408933,39.31,2020-04-19 01:31:54
Rhonda,Brigg,rbrigghl@constantcontact.com,802449720-4,3552516707160090,23.93,2020-10-17 13:26:59
Tiphany,Zanicchelli,tzanicchellihm@amazon.com,538573667-8,5610438245573467,5.38,2020-05-20 02:40:26
Aindrea,Cosker,acoskerhn@hhs.gov,697570626-3,3562033430905542,41.81,2019-11-21 07:16:51
Maddalena,Ibarra,mibarraho@sakura.ne.jp,731096713-5,30397720959356,45.98,2019-12-12 04:52:18
Cozmo,Frankowski,cfrankowskihp@bigcartel.com,317891787-X,5460255041371388,29.22,2019-12-08 01:28:04
Leena,Tedder,ltedderhq@printfriendly.com,022310846-4,5451748829988762,31.36,2020-07-12 21:34:32
Colas,Dowderswell,cdowderswellhr@nifty.com,865757639-2,6377683622625643,5.77,2020-08-16 16:49:36
Sauncho,Dargie,sdargiehs@baidu.com,947655323-5,3568792162364913,38.50,2020-03-17 07:03:43
Theresita,Gilham,tgilhamht@chronoengine.com,651664231-1,4041370260416,45.81,2019-12-08 08:08:36
Barny,Merrell,bmerrellhu@google.com,223275382-4,3535849848284137,17.53,2020-07-04 07:37:29
Shandra,Thomlinson,sthomlinsonhv@pagesperso-orange.fr,118162502-5,3569610474180828,38.84,2020-04-29 16:18:40
Ash,Meffan,ameffanhw@yellowbook.com,530090266-7,3577051024605800,36.08,2019-11-03 20:26:45
Allard,Pinchbeck,apinchbeckhx@free.fr,404544380-0,377370416777516,23.79,2020-06-29 08:58:52
Georgia,Davers,gdavershy@wikia.com,807315760-8,201792030369911,37.69,2019-11-25 08:31:35
Alanson,Spaxman,aspaxmanhz@yelp.com,338367107-0,3565206100437395,28.34,2020-07-03 19:24:15
Pall,Durward,pdurwardi0@symantec.com,005111953-6,5143625196080700,16.56,2019-11-24 02:24:23
Helena,Adamo,hadamoi1@microsoft.com,458022837-5,3578054705384231,48.09,2020-06-14 21:19:41
Richmound,Paffley,rpaffleyi2@newsvine.com,697561471-7,56022252905785948,12.03,2020-05-15 11:33:57
Hamilton,Croix,hcroixi3@themeforest.net,496054017-6,5100134566590985,33.83,2020-05-28 21:11:28
Ashton,Curtin,acurtini4@admin.ch,370310367-1,633304291978459705,38.28,2020-02-01 04:43:59
Wes,Addington,waddingtoni5@webmd.com,921510250-7,5502702908941191,32.96,2020-04-12 21:10:37
Nate,Berriball,nberriballi6@abc.net.au,943038336-1,3541382961007772,25.14,2020-10-20 08:23:00
Lucio,Loseby,llosebyi7@mozilla.org,019843573-8,3541734672697400,44.79,2020-08-29 05:23:46
Beniamino,Sibille,bsibillei8@chronoengine.com,968488407-9,4026282768352250,11.59,2020-06-26 21:01:55
Rand,Salman,rsalmani9@sciencedirect.com,296467200-8,3572958356160946,47.61,2020-01-30 19:57:59
Merla,Upston,mupstonia@google.com.hk,562666387-8,5100132355404038,43.69,2020-07-11 22:48:22
Yance,Cholmondeley,ycholmondeleyib@mapquest.com,244151209-9,3589728558050539,31.39,2020-06-19 21:37:27
Ira,Birk,ibirkic@reuters.com,214731066-2,6333494715940140010,7.26,2020-06-22 11:05:32
Quentin,Jerred,qjerredid@meetup.com,591623527-5,3573096618403140,28.57,2019-12-22 14:06:49
Fey,Thurlborn,fthurlbornie@ovh.net,318558874-6,30463437686318,14.70,2020-03-18 06:06:18
Isidro,Kilfeather,ikilfeatherif@shutterfly.com,613670391-2,6331100229805280713,35.22,2020-02-23 01:04:58
Lotty,Slora,lsloraig@blogtalkradio.com,699596720-8,6376386137823023,5.62,2020-06-05 15:09:50
Chandal,Reely,creelyih@eepurl.com,483108678-9,5641821521020324529,34.52,2020-01-12 19:45:30
Georgiana,Oldroyd,goldroydii@gov.uk,435691668-9,630471618117857006,21.79,2019-12-16 06:41:49
Marcellus,Aicken,maickenij@csmonitor.com,826605554-8,670659410172386059,16.14,2020-08-08 07:52:38
Lock,Embleton,lembletonik@seattletimes.com,309528389-X,5602243893055373,32.57,2020-07-10 11:28:04
Merle,Beckmann,mbeckmannil@apache.org,094382370-6,3575163555831044,7.58,2020-08-25 05:24:10
Jacobo,Baselli,jbaselliim@newyorker.com,134455964-6,6376499832470543,41.41,2020-04-11 20:54:40
Cordie,Rickford,crickfordin@exblog.jp,544429368-4,3553127724310624,21.28,2020-07-08 10:45:13
Almira,Micallef,amicallefio@xinhuanet.com,898205759-5,3569092882615432,26.32,2020-02-26 18:18:25
Carmelita,Morriss,cmorrissip@shinystat.com,335689338-6,3575357586738117,47.67,2020-03-04 08:07:25
Joellen,Hansana,jhansanaiq@dailymotion.com,970530247-2,3572555053942210,17.04,2020-03-16 16:01:47
Frankie,Pirrie,fpirrieir@paginegialle.it,165065902-4,3579928279977307,19.00,2020-03-28 14:29:21
Matthiew,Collecott,mcollecottis@toplist.cz,559394953-0,5308271541542150,48.28,2020-03-21 04:19:28
Gabrielle,Merrell,gmerrellit@princeton.edu,257180957-1,30004510263763,41.38,2020-05-14 05:27:25
Monty,Woolland,mwoollandiu@constantcontact.com,918534457-5,3532125804747505,49.96,2020-05-23 04:17:40
Belicia,Cadwallader,bcadwalladeriv@imgur.com,729019026-2,201915664155930,48.77,2020-02-28 02:17:24
Reube,Friel,rfrieliw@auda.org.au,384677532-0,3542336934174084,12.11,2020-05-22 00:53:20
Elonore,Cudworth,ecudworthix@godaddy.com,431663707-X,3570549509918777,48.29,2019-11-25 09:28:00
Sim,Charters,schartersiy@boston.com,205207486-4,4175000201015345,41.03,2020-01-09 17:05:52
Sallyanne,Maudlen,smaudleniz@baidu.com,503599862-2,201492036435457,12.87,2020-02-01 14:48:24
Jordanna,Godson,jgodsonj0@washingtonpost.com,573796579-1,201665041758126,39.76,2020-07-19 20:03:47
Kaleena,Brunke,kbrunkej1@ucoz.com,959873227-4,6759514197249527,36.08,2020-06-04 12:47:45
Valentina,Cicerone,vciceronej2@dropbox.com,042265276-8,676368086311251658,13.62,2020-04-02 19:53:51
Bryant,Trymme,btrymmej3@ibm.com,108803968-5,30251141250756,41.31,2020-06-17 02:17:17
Raina,Pinfold,rpinfoldj4@exblog.jp,417583736-1,3579430979814765,44.06,2020-03-13 16:17:08
Clerissa,Simonini,csimoninij5@a8.net,362882337-4,3530199208074289,22.99,2020-02-11 00:05:19
Kaleena,Maplesden,kmaplesdenj6@vkontakte.ru,599794152-3,4519331038170291,15.10,2020-09-23 03:43:15
Porter,Larkby,plarkbyj7@usgs.gov,832468639-8,5610367825277027,16.34,2020-06-16 06:00:49
Phebe,Arnatt,parnattj8@wordpress.com,100609362-1,346008472832084,42.17,2020-07-18 04:23:32
Anson,Jolley,ajolleyj9@huffingtonpost.com,981768903-4,3531336468713243,36.64,2020-05-06 17:47:10
Abdul,Rust,arustja@bing.com,498906319-8,6334683428972951,19.11,2020-07-26 06:41:01
Tara,Toffler,ttofflerjb@discuz.net,819368069-3,3563181988438140,39.28,2020-03-10 08:00:17
Colan,Gallandre,cgallandrejc@nydailynews.com,076272550-8,376625830761896,34.14,2020-03-10 12:03:57
Melisenda,Dibdale,mdibdalejd@flavors.me,623357580-X,3557211308283492,37.64,2020-02-02 02:28:37
La verne,Scheu,lscheuje@google.com.au,668437572-4,4917162589120692,46.73,2020-06-18 15:22:52
Spenser,Alldre,salldrejf@cdbaby.com,103881324-7,201853096729917,20.89,2019-12-11 00:13:52
Rutter,Harriot,rharriotjg@google.ca,493896025-7,3576696808935863,40.71,2020-05-31 11:08:01
Sonny,Mc Grath,smcgrathjh@ameblo.jp,830297994-5,3561071835468055,43.19,2020-05-11 00:47:49
Trudie,Uttermare,tuttermareji@tuttocitta.it,842741947-3,3575268963511490,25.11,2019-11-10 07:25:16
Vivi,Ratcliffe,vratcliffejj@sfgate.com,200708877-0,3580141215480975,13.44,2020-09-05 04:41:51
Isa,Wabersinke,iwabersinkejk@miibeian.gov.cn,610737093-5,5100172416143514,17.49,2020-02-22 15:54:48
Manny,Thoumasson,mthoumassonjl@buzzfeed.com,641151045-8,5100139383771445,23.27,2020-10-17 21:27:38
Betteann,Blakeston,bblakestonjm@tuttocitta.it,370096717-9,5002353363586041,25.10,2020-03-14 18:08:47
Shalne,Orrobin,sorrobinjn@state.gov,082784266-X,30418584943102,21.11,2020-03-06 03:00:33
Ernesta,Frearson,efrearsonjo@upenn.edu,057962877-9,6387081547972976,8.32,2020-03-31 16:07:03
Othilie,Pyke,opykejp@marketwatch.com,402178876-X,493659900491688604,24.90,2020-05-06 09:04:08
Dorthy,Jinkin,djinkinjq@vk.com,466621087-3,5610633300563995,7.68,2019-11-12 07:29:29
Garnet,Yemm,gyemmjr@wordpress.com,992709548-1,3557764675869012,43.50,2020-03-06 14:28:45
Cazzie,Yedy,cyedyjs@stumbleupon.com,719886388-4,5893977840649725,48.57,2020-03-11 02:42:57
Georgia,Cork,gcorkjt@uol.com.br,447877775-6,4917978470511966,48.18,2020-07-29 04:01:40
Lem,Dieton,ldietonju@cmu.edu,313924052-X,5007667044921672,47.59,2020-08-21 12:23:26
Elliott,Melwall,emelwalljv@youtube.com,219973580-X,5108750954325510,24.01,2020-09-25 00:20:24
Benetta,Claworth,bclaworthjw@wikispaces.com,013019265-1,5893806570504141,49.16,2020-03-25 20:09:35
Iosep,Byford,ibyfordjx@nydailynews.com,570320318-X,3575200059070792,44.61,2020-01-05 07:49:46
Frederigo,Sauven,fsauvenjy@furl.net,059330533-7,4844682160355951,30.13,2020-01-09 11:13:22
Libby,Haskayne,lhaskaynejz@ning.com,678882058-9,3586370626811650,38.23,2020-06-20 09:19:01
Keary,Dommerque,kdommerquek0@slideshare.net,704889595-0,4844826524676137,40.64,2020-07-30 10:31:06
Gratiana,Wadmore,gwadmorek1@harvard.edu,690991529-1,30545075525137,36.85,2020-01-07 03:13:53
Emmeline,Besantie,ebesantiek2@hc360.com,155847139-1,3571913344424830,42.78,2020-07-05 05:19:43
Patti,Winnister,pwinnisterk3@homestead.com,457383183-5,5602212045890920,44.96,2020-10-06 07:46:48
Simon,Laing,slaingk4@vk.com,776960683-7,3559258719482963,40.89,2020-08-09 06:14:26
Loy,McLardie,lmclardiek5@census.gov,709997134-4,4175001952120730,35.53,2019-11-21 15:54:42
Donia,Romanini,dromaninik6@issuu.com,596284616-8,6333020079039486,10.92,2020-02-12 18:12:24
Kasper,Janssens,kjanssensk7@friendfeed.com,444841025-0,3574557431539682,5.30,2019-11-05 12:22:44
Abbye,Demer,ademerk8@businesswire.com,044204733-9,4508946677824040,47.67,2019-11-25 00:29:46
Antoinette,Darrington,adarringtonk9@baidu.com,370655954-4,201642073662609,28.75,2020-02-18 01:05:16
Tami,Lowndesbrough,tlowndesbroughka@weather.com,431169094-0,56022596008832555,34.72,2020-07-31 06:15:35
Lanita,Blaiklock,lblaiklockkb@mapy.cz,296532500-X,3583898738594171,41.24,2020-02-12 12:35:41
Lib,Sunter,lsunterkc@weebly.com,373760705-2,3556123893786725,15.12,2020-01-24 11:16:42
Katey,Ruilton,kruiltonkd@sfgate.com,777333593-1,3552842011038578,21.66,2020-04-07 04:32:49
Martie,Jewer,mjewerke@live.com,749690713-8,337941476558803,41.18,2019-12-08 20:09:22
Deirdre,Lince,dlincekf@vk.com,275659205-6,3537009834810472,47.42,2019-12-22 02:21:04
Jeddy,Simison,jsimisonkg@myspace.com,444651570-5,4026936163721944,38.82,2020-05-29 01:11:37
Adham,Cannaway,acannawaykh@xing.com,136389644-X,5352515727602799,29.75,2019-11-17 07:48:07
Jaclin,Szymanzyk,jszymanzykki@blogspot.com,483997979-0,3531176136062114,13.59,2020-04-23 12:02:20
Jessalin,Penniall,jpenniallkj@bloglines.com,392108011-8,3540220379639888,26.64,2020-03-11 03:34:29
Kane,Cappell,kcappellkk@youku.com,089842804-1,3576770290675475,45.26,2020-04-23 10:48:55
Alexis,Darton,adartonkl@tripadvisor.com,306749179-3,5002357319604436,34.86,2020-01-27 10:45:45
Scottie,Durante,sdurantekm@phoca.cz,199159964-1,30540178457965,26.33,2020-08-27 16:27:43
Lory,Snap,lsnapkn@meetup.com,359283565-3,201676193658113,9.11,2020-03-28 13:23:16
Jenna,Domelow,jdomelowko@si.edu,166112504-2,3570530006547145,24.09,2020-07-29 17:57:53
Jackqueline,Igglesden,jigglesdenkp@slideshare.net,686650188-1,5602211855317662989,35.12,2020-06-19 21:22:15
Marcille,Arthy,marthykq@woothemes.com,002488480-4,3564177611793934,6.24,2020-09-20 13:25:05
Jayme,Rraundl,jrraundlkr@alexa.com,210579391-6,3573942825361870,6.81,2020-04-30 02:46:51
Feliza,Deedes,fdeedesks@umn.edu,743100025-1,6761764903910922,25.16,2020-02-10 09:57:34
Kip,Spens,kspenskt@yandex.ru,230175640-8,5233236010385134,33.13,2020-07-09 10:16:02
Bordy,Frensche,bfrenscheku@ow.ly,605096132-8,5007666352089254,14.09,2020-03-11 13:36:28
Rozalin,Sirr,rsirrkv@paypal.com,048881352-2,5610184154973013,34.66,2020-07-16 23:32:28
Grace,Coo,gcookw@google.co.jp,613738969-3,676186792796745227,10.02,2020-09-29 21:19:57
Althea,Pietz,apietzkx@boston.com,609855120-0,3551919220392458,26.55,2020-06-14 01:12:37
Nye,Jewitt,njewittky@whitehouse.gov,981727379-2,3532492645202540,32.76,2020-09-28 03:56:40
Rab,Castelluzzi,rcastelluzzikz@nih.gov,037799446-4,3560810780311716,34.88,2019-11-21 16:21:35
Odele,Aggas,oaggasl0@yandex.ru,690057127-1,6370731819456194,27.65,2019-12-27 17:52:28
Shayne,Vivien,svivienl1@scribd.com,315820817-2,5602213788064434,27.21,2020-06-04 23:10:24
Devon,Mitrovic,dmitrovicl2@discuz.net,021841896-5,3529240196821878,10.35,2020-01-03 12:02:05
Josefa,Pinckstone,jpinckstonel3@csmonitor.com,148324109-2,5602236234034727,20.36,2020-05-03 03:46:01
Arlena,Gant,agantl4@mapy.cz,953666167-5,4903439363181190301,13.88,2020-02-22 19:33:55
Sileas,Chipp,schippl5@army.mil,507868434-4,3535311934491829,45.62,2020-09-03 15:37:16
Von,Molan,vmolanl6@odnoklassniki.ru,582221015-5,5002353050061183,44.98,2020-07-23 20:52:44
Elsie,Vango,evangol7@google.es,400505007-7,5100130061800739,42.36,2019-12-01 10:39:10
Lexine,Waeland,lwaelandl8@answers.com,814683413-2,3543976355586065,45.71,2020-03-27 04:42:50
Nariko,Swateridge,nswateridgel9@pen.io,784858177-2,5602257507019559,30.06,2020-09-23 08:59:39
Drucill,Ech,dechla@linkedin.com,281424822-7,490395089908888067,26.75,2020-10-19 10:21:35
Carter,Toby,ctobylb@china.com.cn,237212955-4,3552810658682495,45.51,2020-05-07 21:40:31
Eryn,Crates,ecrateslc@dedecms.com,927047816-5,3551123815796807,10.89,2020-01-21 04:11:30
Missie,Velten,mveltenld@techcrunch.com,357361542-2,677173959477478500,47.82,2020-01-28 23:48:24
Hayley,Niessen,hniessenle@answers.com,827999792-X,201904038355194,44.79,2020-10-26 11:38:22
Margaretha,Weldon,mweldonlf@meetup.com,582738873-4,4913705721413302,42.60,2020-07-02 05:01:50
Gary,Jepson,gjepsonlg@angelfire.com,877545812-8,5424426989218817,23.10,2019-10-31 05:09:25
Dalli,Efford,deffordlh@cnbc.com,738527378-5,372301877211807,42.73,2019-12-24 08:15:39
Fons,Mothersole,fmothersoleli@de.vu,166376470-0,201983685956736,18.08,2020-08-14 10:21:09
Sisile,Foxworthy,sfoxworthylj@imageshack.us,872565142-0,3575876734745773,20.93,2020-01-09 23:53:15
Jacklyn,Crole,jcrolelk@vistaprint.com,875099882-X,4041598747657,12.54,2020-09-25 03:23:21
Clarissa,Adan,cadanll@drupal.org,972983199-8,4175003453140613,23.26,2020-09-14 17:17:06
Dukey,Reese,dreeselm@ucla.edu,174479029-9,6384319297674951,39.87,2020-05-25 10:17:13
Rollins,Byrkmyr,rbyrkmyrln@moonfruit.com,863162239-7,6334247035293951,25.30,2020-10-20 17:14:37
Winnah,Gillimgham,wgillimghamlo@php.net,288054148-4,503871242970148067,14.06,2020-10-10 19:40:30
Tori,Duffield,tduffieldlp@google.pl,340447851-7,4917356797423662,28.34,2020-06-11 09:41:10
Kathye,Hesse,khesselq@disqus.com,125700298-8,5893799938692338,26.46,2020-06-02 17:55:51
Meggy,Tippin,mtippinlr@tripadvisor.com,267771830-8,3570895355481489,25.13,2020-05-26 04:47:35
Burty,Andreix,bandreixls@independent.co.uk,276290260-6,4175007239489285,23.46,2020-06-17 11:41:58
Glen,Le Friec,glefrieclt@go.com,133103410-8,5007661350743648,9.93,2020-04-15 11:05:21
Lusa,Volcker,lvolckerlu@unc.edu,474442277-2,201903601689369,39.85,2020-01-22 11:28:52
Lothario,Wyard,lwyardlv@sciencedirect.com,842456263-1,3535735225438257,17.69,2020-07-10 12:28:08
Francisca,Hanner,fhannerlw@auda.org.au,782441878-2,3538072591014521,24.84,2020-02-09 05:51:07
Marquita,Cramphorn,mcramphornlx@people.com.cn,343492550-3,3571463279475464,8.02,2020-10-18 12:33:49
Sophia,Portsmouth,sportsmouthly@yellowpages.com,647910396-3,3560860619789087,24.18,2020-10-06 22:45:08
Merl,Goldberg,mgoldberglz@icq.com,340149380-9,3570890207303882,7.62,2020-05-17 03:03:55
Eziechiele,D'Elia,edeliam0@histats.com,408369773-3,56022330196197054,8.68,2020-06-22 20:18:05
Patric,Durante,pdurantem1@cdbaby.com,385013390-7,67064006430932052,33.86,2020-08-20 21:56:03
Ami,Louche,alouchem2@studiopress.com,660598489-7,201954751895298,41.24,2020-01-02 11:43:19
Pembroke,Groger,pgrogerm3@ebay.com,629899699-0,6375651882674579,36.04,2020-01-15 15:42:14
Sullivan,Ducastel,sducastelm4@mayoclinic.com,386029147-5,201917667318234,7.30,2020-06-08 21:01:25
Toby,Stubbs,tstubbsm5@hostgator.com,251623141-5,3562372795120580,34.65,2020-03-13 20:20:53
Llywellyn,Fozzard,lfozzardm6@cpanel.net,610280985-8,3582210340649727,9.13,2020-05-26 15:05:37
Siana,Kinnaird,skinnairdm7@freewebs.com,618672644-4,3539180763176959,9.47,2020-07-27 17:41:03
Jenn,Antonowicz,jantonowiczm8@dailymotion.com,225358904-7,5602253775033240,31.44,2020-06-20 03:31:01
Euphemia,Charrington,echarringtonm9@ucla.edu,311162120-0,3583993155938900,9.74,2020-06-07 17:05:58
Teressa,Mollitt,tmollittma@indiatimes.com,461561582-5,3528539227148594,48.61,2020-02-10 20:48:35
Graeme,Moore,gmooremb@elpais.com,601688509-6,4041375346186,8.60,2020-04-15 06:31:13
Hermione,Witter,hwittermc@bing.com,317207816-7,201706283130333,45.53,2020-07-16 20:55:47
Zola,Gilbey,zgilbeymd@wunderground.com,084286392-3,5010126466387438,48.03,2020-03-26 04:22:32
Evonne,Killcross,ekillcrossme@tmall.com,816209580-2,4917783270353951,36.97,2020-08-01 00:57:34
Roseanne,Kembley,rkembleymf@mail.ru,171418761-6,3545720108558759,20.62,2020-06-25 15:54:42
Sibylla,Patise,spatisemg@google.it,114005656-5,3549848103410993,34.08,2020-03-08 21:59:46
Douglas,Shippard,dshippardmh@usa.gov,072358618-7,3554669209839170,44.60,2020-08-25 01:07:09
Ricard,Northall,rnorthallmi@cnet.com,352100674-3,5010129420067138,18.82,2020-01-27 05:21:00
Marlow,Marjoribanks,mmarjoribanksmj@zdnet.com,842366419-8,3536204592519388,20.16,2020-03-07 19:24:58
Tuckie,Barock,tbarockmk@cpanel.net,895109211-9,30231432624778,8.60,2020-04-09 02:33:26
Deeann,Colam,dcolamml@last.fm,095606239-3,3543357126526419,18.16,2020-02-26 14:18:22
Perkin,Westnedge,pwestnedgemm@boston.com,660793627-X,3561569766395114,26.78,2020-01-01 20:14:20
Carrol,Jebb,cjebbmn@moonfruit.com,343264089-7,5100179725728158,45.99,2020-06-29 10:32:04
Kitti,Osgerby,kosgerbymo@seesaa.net,642555874-1,3555327043078625,11.58,2020-10-14 02:53:29
Karee,Fordy,kfordymp@over-blog.com,534035370-2,3581839698987734,14.61,2020-04-08 01:14:37
Bianka,Doveston,bdovestonmq@princeton.edu,240188081-X,5472665329563900,45.50,2020-04-22 11:37:53
Caitrin,Bastin,cbastinmr@imageshack.us,146078570-3,5641827658786583775,28.54,2020-01-18 01:05:08
Adda,Whicher,awhicherms@prweb.com,878818217-7,3531532984845010,38.52,2019-12-02 00:47:16
Geri,Shillinglaw,gshillinglawmt@intel.com,039823712-3,6759305635467092284,37.78,2020-01-17 08:52:13
Ragnar,Fuster,rfustermu@oracle.com,431480335-5,3540964521814556,35.07,2019-11-21 10:42:01
Erwin,McDaid,emcdaidmv@topsy.com,319893303-X,6771233457027420737,37.60,2020-09-17 17:17:39
Ernesta,Gully,egullymw@sakura.ne.jp,600432421-3,677199491937878087,11.86,2020-03-31 14:38:55
Reggie,Stiven,rstivenmx@ning.com,585526660-5,4041596419474663,33.52,2020-05-17 11:04:45
Christiano,Carlaw,ccarlawmy@typepad.com,389221375-5,3584669788409027,43.11,2020-03-22 03:53:28
Tabitha,Geerits,tgeeritsmz@qq.com,802947112-2,30059567303359,19.97,2020-08-28 07:47:09
Josiah,Spurriar,jspurriarn0@shinystat.com,880616261-6,201824229242706,5.77,2020-07-20 06:36:35
Rutledge,Santino,rsantinon1@amazon.com,031007929-2,4903586578525720072,36.99,2020-04-30 07:15:11
Cloe,Tomashov,ctomashovn2@issuu.com,425342440-6,3540830178603339,48.10,2020-06-13 14:17:20
Augy,St. Quentin,astquentinn3@usnews.com,090051241-5,3568965512041437,42.37,2020-05-01 11:08:11
Boyce,Heymes,bheymesn4@fc2.com,058356586-7,3537314856539151,6.20,2020-10-16 18:36:47
Darla,Cranstoun,dcranstounn5@techcrunch.com,130524655-1,3572941487890250,37.49,2020-08-16 00:08:16
Irwinn,Langford,ilangfordn6@printfriendly.com,232525977-3,3580800600172535,5.88,2020-07-18 13:29:29
Coop,Bulfield,cbulfieldn7@comsenz.com,689232543-2,6709475146214024496,7.81,2020-09-22 19:58:15
Lane,Whinney,lwhinneyn8@hostgator.com,016944014-1,4041377757592741,45.95,2020-02-28 12:45:24
Ortensia,Hawgood,ohawgoodn9@histats.com,687616219-2,5007665602062848,49.83,2020-09-03 21:31:51
Fayre,Tow,ftowna@1688.com,632559633-1,5602247686379312,19.22,2019-12-26 11:36:28
Ive,Greir,igreirnb@a8.net,307581212-9,560225218395225279,44.24,2020-04-20 00:12:46
Aggy,Ruger,arugernc@auda.org.au,471304096-7,3530649149675578,47.34,2020-01-13 14:48:49
Brynna,Sirette,bsirettend@tuttocitta.it,256424171-9,3566375248456002,26.04,2020-03-20 02:45:49
Madelyn,MacNelly,mmacnellyne@pbs.org,755062763-0,3571930929913714,10.06,2019-11-29 13:12:33
Kyrstin,Pattinson,kpattinsonnf@tinypic.com,974693336-1,3532926569218065,29.48,2020-01-06 11:40:19
Adriena,Crosgrove,acrosgroveng@wikipedia.org,639495637-6,3569252459883520,38.34,2019-11-19 18:57:26
Janet,Whiteway,jwhitewaynh@psu.edu,485804309-6,30456155647025,18.96,2020-02-19 09:31:14
Edin,Reeds,ereedsni@multiply.com,398901452-8,3569187842217343,6.99,2020-10-21 15:27:29
Tessy,Landes,tlandesnj@soundcloud.com,977791783-X,4913591242274435,35.45,2020-03-09 00:03:22
Tim,Ivery,tiverynk@usnews.com,829744658-1,3589104912782706,24.16,2020-07-17 06:58:59
Ryann,Vereker,rverekernl@blinklist.com,686990310-7,3584873232016749,42.10,2020-01-19 06:02:21
Bennie,Derye-Barrett,bderyebarrettnm@ibm.com,553624439-6,3586061474274790,33.81,2020-10-20 07:51:56
Jewell,Jeannot,jjeannotnn@nba.com,413625167-X,3585770482379893,36.94,2020-05-31 15:44:24
Daveen,Biddell,dbiddellno@wikispaces.com,644257426-1,337941087124532,10.22,2020-02-05 04:50:26
Renato,Vince,rvincenp@freewebs.com,231800742-X,3544702018438653,35.49,2020-05-24 23:52:35
Kevon,Sivior,ksiviornq@addtoany.com,741158075-9,490567870574917393,11.19,2020-10-20 08:49:38
Stephana,Wharf,swharfnr@sogou.com,935848906-5,201689636068204,23.27,2020-08-28 03:04:32
Randi,Nannizzi,rnannizzins@ezinearticles.com,250651158-X,3589160730311706,32.26,2020-08-02 01:25:58
Audy,Scotting,ascottingnt@rakuten.co.jp,557069165-0,3543669624777504,47.89,2020-10-26 07:43:57
Ragnar,Ingerfield,ringerfieldnu@mlb.com,522315813-X,5112803680236065,29.97,2020-09-26 23:29:19
Lavinie,Dominique,ldominiquenv@yelp.com,228242377-1,3545941891832983,37.14,2020-01-09 22:04:10
Adler,Cornewell,acornewellnw@t.co,599864067-5,4175005823317102,27.05,2020-06-02 05:56:28
Fancy,Reven,frevennx@hp.com,765270567-3,5048374483507226,26.89,2020-02-01 16:19:24
Barri,Oby,bobyny@dion.ne.jp,405694174-2,3536467958281956,16.97,2020-01-08 12:09:51
Janenna,Kemster,jkemsternz@themeforest.net,348339383-8,337941235379897,48.30,2020-01-30 15:37:33
Flo,Gibling,fgiblingo0@spotify.com,938617929-6,3541899277878893,47.98,2020-06-08 17:41:03
Wynn,Collet,wcolleto1@narod.ru,233759290-1,560223788133608152,18.71,2020-10-19 09:03:22
Freddy,Dugget,fduggeto2@wikispaces.com,208252963-0,6377231241613416,23.01,2020-09-10 12:35:41
Tabbie,Kamiyama,tkamiyamao3@tripadvisor.com,709635232-5,3567915778196210,13.58,2019-12-26 22:05:48
Levon,Hackforth,lhackfortho4@meetup.com,599997896-3,4017958793238413,14.73,2019-11-05 16:07:42
Gus,Skoate,gskoateo5@wufoo.com,728353506-3,5100140592591202,11.62,2020-04-30 17:14:01
Dick,Vinter,dvintero6@comsenz.com,681884180-5,201643884974084,10.88,2020-01-23 13:48:26
Russ,Cullinane,rcullinaneo7@techcrunch.com,193886432-8,3530906429493787,21.33,2020-02-08 00:31:08
Cozmo,Durtnal,cdurtnalo8@i2i.jp,946809215-1,337941163938250,45.51,2019-11-03 13:29:32
Janifer,Biaggiotti,jbiaggiottio9@cbslocal.com,688640750-3,3549559291426804,28.41,2020-01-16 14:15:14
Reine,Minto,rmintooa@microsoft.com,185712386-7,3573066703250714,14.53,2020-03-11 18:16:13
Eveleen,Vidineev,evidineevob@addtoany.com,242556322-9,50382813434038864,21.02,2020-06-03 07:26:00
Johannes,McGrae,jmcgraeoc@vistaprint.com,570303918-5,3536469898097880,29.28,2020-05-09 14:11:51
Richart,Blumire,rblumireod@illinois.edu,532086193-1,3538770537566393,20.61,2019-11-18 08:26:50
Ollie,Nudd,onuddoe@networkadvertising.org,895181316-9,4017956394873703,25.04,2020-06-11 13:31:51
Antonetta,Adamovich,aadamovichof@walmart.com,216198808-5,3530172050520253,37.09,2019-12-07 01:01:46
Marven,Swindley,mswindleyog@technorati.com,527258945-9,3572580178303973,37.03,2020-06-02 02:43:04
Morry,Farrent,mfarrentoh@jalbum.net,617994319-2,3529750170506972,40.03,2020-02-15 07:34:53
Poul,Ten Broek,ptenbroekoi@purevolume.com,748384353-5,5100134306777298,25.06,2020-03-20 07:15:53
Hazel,Straniero,hstranierooj@amazonaws.com,021429220-7,3555989844057692,27.75,2020-09-29 13:29:23
Erick,Frenchum,efrenchumok@zdnet.com,178795269-X,374283870351582,49.54,2020-07-12 07:49:11
Kevon,Mosdill,kmosdillol@unesco.org,183395404-1,3542514108422931,12.14,2019-10-29 08:39:06
Jojo,Leggott,jleggottom@yolasite.com,554865764-X,3549464700602170,23.51,2020-05-25 07:53:49
Merle,Chetter,mchetteron@unesco.org,624887332-1,3554427806140355,37.72,2020-04-08 21:00:59
Carmelia,Dory,cdoryoo@fda.gov,536358506-5,3535774718577248,24.57,2020-10-25 09:01:30
Andrus,Reckhouse,areckhouseop@java.com,780269682-8,5007666672255544,10.39,2020-10-03 19:28:38
Corabel,Glazier,cglazieroq@google.com.au,823233261-1,633110362085118031,44.98,2020-02-22 07:55:24
Spense,McCook,smccookor@pen.io,062061531-1,3588278736628450,27.21,2019-11-17 01:37:28
Mariellen,Steere,msteereos@si.edu,070246186-5,3572078549300844,14.23,2020-04-16 20:43:07
Lurline,O'Hagirtie,lohagirtieot@dion.ne.jp,073205071-5,56022505106370830,12.74,2019-12-23 11:35:13
Jodie,Kinglesyd,jkinglesydou@sitemeter.com,680496411-X,5469719827825819,28.97,2020-09-15 21:00:28
Vonny,Matthewman,vmatthewmanov@sciencedirect.com,771194353-9,3587224845223073,5.33,2019-11-04 06:35:15
Mel,Gregolin,mgregolinow@tripadvisor.com,185606653-3,5569194627077061,33.80,2020-09-15 17:19:16
Petra,Grannell,pgrannellox@joomla.org,931164883-3,36626961167319,25.27,2020-05-08 18:42:50
Joice,Atyea,jatyeaoy@rambler.ru,332837646-1,3559144897119900,20.39,2020-10-26 12:33:41
Marybelle,Tirte,mtirteoz@columbia.edu,200158247-1,3535369993354445,25.18,2019-12-27 23:43:46
Rey,Alejandre,ralejandrep0@tinypic.com,620291518-8,5048375440104924,49.35,2020-10-02 05:16:50
Chev,Fortune,cfortunep1@engadget.com,106206030-X,490383947571166109,12.91,2020-06-19 21:54:28
Katharina,Mikalski,kmikalskip2@technorati.com,483886880-4,3573379412623984,30.18,2020-04-30 00:07:41
Gianni,Yoseloff,gyoseloffp3@hud.gov,412175009-8,4913690553766482,16.80,2020-02-27 06:29:32
Chrotoem,Crossan,ccrossanp4@irs.gov,805966771-8,3577035043972374,36.79,2020-06-25 06:15:22
Dorice,Rahlof,drahlofp5@amazon.co.jp,410189564-3,3551137366425624,41.13,2019-12-13 07:26:25
De witt,Chieco,dchiecop6@constantcontact.com,437803754-8,50183477119704843,27.45,2019-11-30 00:36:39
Benedetta,Cristofolo,bcristofolop7@bbb.org,565484092-4,3584919764972237,47.48,2020-02-17 17:57:32
Leora,Spofford,lspoffordp8@hhs.gov,027630857-3,5010129721738569,15.16,2019-11-14 06:27:45
Anabelle,Drogan,adroganp9@jiathis.com,811741459-7,490508077941689687,34.31,2020-04-25 19:06:01
Theobald,Bushell,tbushellpa@blogtalkradio.com,525370230-X,3577543739326466,26.38,2019-11-28 04:29:37
Gavan,Wickersley,gwickersleypb@wp.com,217199439-8,3528450849019090,33.13,2020-09-15 23:56:37
Opalina,Helkin,ohelkinpc@domainmarket.com,322785904-1,3547879507919901,23.46,2020-10-01 07:10:36
Alis,Boshere,abosherepd@omniture.com,012909495-1,3538796884712090,41.60,2020-02-11 07:40:14
Genia,Lanning,glanningpe@altervista.org,295570743-0,0604535049567383922,32.79,2020-02-22 11:09:38
Adolphus,Chritchlow,achritchlowpf@state.gov,905882764-X,3544572816952944,33.92,2020-05-31 14:23:05
Dedie,Halsho,dhalshopg@opera.com,932587347-8,201667176994955,9.75,2020-03-23 08:36:35
Merrill,De Giorgio,mdegiorgioph@surveymonkey.com,074697585-6,374288455780238,12.29,2020-10-11 19:40:50
Raimondo,Dockreay,rdockreaypi@newsvine.com,851753354-2,3545270141089974,39.04,2020-04-02 12:42:23
Bren,Gulliman,bgullimanpj@mlb.com,087225255-8,374283709723787,49.17,2020-10-08 23:58:38
Perrine,Cotty,pcottypk@dailymotion.com,254776227-7,3584045904744979,12.30,2020-05-25 21:33:21
Martguerita,Standeven,mstandevenpl@ameblo.jp,351618268-7,3537386551431876,42.43,2020-02-23 21:21:03
Amargo,Gordon-Giles,agordongilespm@google.com.br,264092392-7,6334406326302637265,36.67,2020-08-06 09:53:37
Cherise,Olyfant,colyfantpn@sbwire.com,037980120-5,201714966346291,37.33,2019-12-21 12:54:04
Aldous,Ricciardello,aricciardellopo@ed.gov,864798638-5,201733280436760,10.24,2020-02-03 02:38:12
Georgine,Rubra,grubrapp@themeforest.net,537098934-6,5602215944819239,45.84,2020-05-04 19:39:11
Herby,Carlesso,hcarlessopq@mit.edu,011355871-6,3542468403204330,10.85,2019-11-17 22:02:51
Normy,Veness,nvenesspr@t.co,942188601-1,4175007862788656,48.61,2020-06-26 00:00:31
Marcellus,Clarridge,mclarridgeps@ifeng.com,436910311-8,3541822059204773,9.08,2019-10-27 08:31:57
Filippa,Glowacki,fglowackipt@typepad.com,926323061-7,633110140774921943,44.48,2020-01-08 11:11:02
Ivor,Meo,imeopu@toplist.cz,854132024-3,3528416978629934,13.50,2020-05-19 08:09:26
Korrie,Taborre,ktaborrepv@netscape.com,973145092-0,63044976000566106,41.28,2019-12-13 11:24:37
Antone,Kyte,akytepw@arstechnica.com,928321177-4,5507134614263881,16.12,2020-01-26 00:46:30
Elbert,Grutchfield,egrutchfieldpx@vimeo.com,122714058-4,201456624677663,11.31,2020-08-13 15:45:25
Ramsey,Biggs,rbiggspy@bigcartel.com,084667769-5,5602230345759785,33.97,2020-08-25 12:25:59
Orland,Devine,odevinepz@rambler.ru,008455680-3,3531184423369259,25.67,2020-05-02 11:27:05
Sawyere,Wainman,swainmanq0@ow.ly,728142258-X,4917507313074138,29.75,2020-06-26 16:14:11
Byrann,Barles,bbarlesq1@house.gov,743860408-X,201459970846981,32.92,2020-03-28 16:04:01
Collete,Drewes,cdrewesq2@cdc.gov,608895236-9,3580872904476722,38.82,2020-03-11 07:11:30
Filbert,Lipmann,flipmannq3@china.com.cn,968328492-2,342628137240144,40.02,2019-12-31 02:02:07
Gerladina,Haydn,ghaydnq4@usa.gov,459814875-6,4405176078550069,12.29,2020-09-25 12:02:58
Gerhardine,Buttrum,gbuttrumq5@vkontakte.ru,511874991-3,3583387023584972,5.83,2019-11-04 22:50:05
Madelina,Sherbrook,msherbrookq6@slate.com,299455549-2,201929808932450,41.02,2019-12-19 12:40:11
Herve,Sjollema,hsjollemaq7@cocolog-nifty.com,453137984-5,5303026496709393,43.96,2020-08-23 06:34:56
Dania,Hebden,dhebdenq8@tripadvisor.com,028563825-4,5602212577523006,14.45,2020-03-09 22:00:36
Morry,Baylie,mbaylieq9@mapy.cz,551785074-X,3557772026719612,21.16,2020-04-13 21:08:22
Johnathan,Jope,jjopeqa@stumbleupon.com,631457551-6,5360584338332279,32.25,2020-10-09 06:00:46
Leupold,Joao,ljoaoqb@jugem.jp,504999894-8,5602221935960321,25.32,2020-04-20 08:26:16
Eldridge,Jennemann,ejennemannqc@gizmodo.com,570922924-5,5100136427757117,22.13,2020-02-27 20:09:04
Concettina,Grinnov,cgrinnovqd@istockphoto.com,281380012-0,5374103416190766,24.74,2020-08-30 14:26:00
Nalani,Coleborn,ncolebornqe@uiuc.edu,609882278-6,3539988725692644,7.76,2020-09-30 04:36:00
De,Cassedy,dcassedyqf@accuweather.com,385374967-4,3558999612389554,38.18,2020-01-15 03:15:22
Charlot,Stanyland,cstanylandqg@tinyurl.com,285390733-3,371136053267327,12.22,2019-11-14 10:42:58
Karel,Vittle,kvittleqh@nifty.com,990240482-0,3561759381813456,16.47,2019-11-26 08:28:57
Harcourt,Blount,hblountqi@salon.com,635338487-4,6304895517308626184,49.73,2019-11-30 18:40:57
Herschel,Cliss,hclissqj@icq.com,778997358-4,3588326689220740,35.04,2020-04-29 03:44:04
Pennie,Letchmore,pletchmoreqk@csmonitor.com,344650520-2,5175767132972383,17.36,2020-06-15 19:50:23
Ancell,Guilleton,aguilletonql@unesco.org,603776994-X,3566343902780190,8.22,2020-03-18 19:26:09
Ephrem,Filippov,efilippovqm@xrea.com,080455630-X,3583845957809152,27.56,2020-03-30 09:20:57
Kelbee,McLeoid,kmcleoidqn@mit.edu,236367682-3,5274521862640938,29.53,2020-01-29 23:29:18
Sayre,Hukins,shukinsqo@sitemeter.com,112412008-4,5002356455671753,33.86,2020-05-18 17:52:34
Tallie,Whettleton,twhettletonqp@gravatar.com,616138548-1,5010128892089927,29.99,2020-05-03 06:10:17
Iormina,McRonald,imcronaldqq@sakura.ne.jp,238664769-2,6759724730544025,10.36,2020-07-21 01:25:28
Almeda,Bowfin,abowfinqr@icio.us,979380973-6,3566855103712359,10.87,2019-11-09 12:28:45
Alyssa,Rolstone,arolstoneqs@merriam-webster.com,087255075-3,4026808087613624,38.64,2020-02-08 12:13:11
Pavia,Bakhrushkin,pbakhrushkinqt@godaddy.com,493179945-0,6389834820660546,49.78,2019-12-21 07:07:29
Aleen,MacGahy,amacgahyqu@dailymotion.com,092335126-4,6304474063557220246,29.03,2020-07-17 10:56:58
Astrid,Blaasch,ablaaschqv@amazon.de,208484285-9,3559328719428496,15.68,2019-12-27 03:37:31
Aurilia,Withrop,awithropqw@devhub.com,521721513-5,349603799573150,48.18,2020-06-23 18:58:01
Piggy,Perrelli,pperrelliqx@yandex.ru,977017700-8,201983742301082,12.10,2020-07-18 16:38:44
Bev,Major,bmajorqy@pagesperso-orange.fr,017984947-6,5108750103641080,11.06,2020-02-13 21:04:27
Link,Danielsohn,ldanielsohnqz@csmonitor.com,036861099-3,3568517208096348,18.56,2020-09-23 22:42:03
Sheppard,Phippen,sphippenr0@engadget.com,791843921-X,633471926372270326,30.22,2020-08-20 07:48:40
Dolores,Jardin,djardinr1@businessinsider.com,047853668-2,4905938911975471,31.84,2020-06-30 16:47:48
Hyacinthe,Errichelli,herrichellir2@time.com,173423713-9,3584776501190857,26.34,2019-12-09 18:13:23
Mae,Fredson,mfredsonr3@zdnet.com,055957238-7,337941234344306,9.17,2020-08-01 15:48:45
Homere,Borthe,hborther4@purevolume.com,378151309-2,5602234132233285,45.87,2020-03-09 03:44:33
Darline,Pargeter,dpargeterr5@instagram.com,587892955-4,3537186587225742,43.68,2020-09-24 07:00:17
Kitti,Ogers,kogersr6@github.io,697433802-3,67637117262688742,36.43,2020-06-16 07:15:29
Julianna,Sarson,jsarsonr7@intel.com,126629686-7,30262680019775,48.93,2020-09-03 06:24:26
Gizela,Vearnals,gvearnalsr8@dedecms.com,015526613-6,30390058649681,7.62,2020-06-27 01:30:05
Sterne,Gomby,sgombyr9@liveinternet.ru,396639135-X,5602245365740572,25.69,2020-02-06 03:53:57
Lin,McAllister,lmcallisterra@webs.com,621311032-1,67622897339377075,48.59,2020-03-19 16:29:04
Oby,Casini,ocasinirb@hugedomains.com,355305161-2,67098275836057893,28.06,2020-04-30 06:27:03
Flory,Comolli,fcomollirc@github.com,495977643-9,3534912511320710,36.57,2020-05-20 11:54:08
Uta,Pellissier,upellissierrd@nature.com,345325255-1,3551753313565344,29.77,2020-10-25 03:00:00
Ella,McElree,emcelreere@zimbio.com,322087630-7,5108754484209830,39.76,2020-07-21 00:05:38
Iggy,Eilers,ieilersrf@jalbum.net,645126101-7,5100144027674864,5.52,2019-11-04 16:07:24
Abie,Ruddlesden,aruddlesdenrg@disqus.com,338713665-X,67068267585998811,12.53,2020-06-22 14:04:44
Mil,Stenning,mstenningrh@mediafire.com,098385138-7,3582587721540561,18.16,2019-11-27 04:30:33
Elinor,Kinnear,ekinnearri@bbc.co.uk,111461186-7,3550471110060739,46.52,2020-08-01 21:31:48
Humbert,Northin,hnorthinrj@businessinsider.com,203422810-3,4903410725225034856,49.04,2020-08-18 04:00:53
Herminia,Troutbeck,htroutbeckrk@google.co.uk,404039811-4,3576564604141468,7.52,2020-02-24 17:57:17
Grace,Probbings,gprobbingsrl@google.fr,237148133-5,50200691725326671,31.29,2020-09-21 13:11:45
Cirillo,Cantera,ccanterarm@icio.us,708695814-X,676317798844128243,32.81,2020-10-15 14:03:53
Charlena,Cutridge,ccutridgern@sogou.com,948315501-0,3587813725966361,16.20,2020-04-09 07:47:11
Kaile,Ummfrey,kummfreyro@blogger.com,341625244-6,6375148025549891,46.39,2019-11-03 00:32:41
Hamid,McLeary,hmclearyrp@g.co,231993745-5,4844786177028251,11.36,2020-08-31 13:02:23
Kermie,Fielden,kfieldenrq@naver.com,480479233-3,201932932303127,16.33,2020-04-30 18:21:44
Janey,Christofe,jchristoferr@pen.io,749904299-5,4234715534337764,9.89,2019-12-30 14:02:26
